-- phpMyAdmin SQL Dump
-- version 4.5.1
-- http://www.phpmyadmin.net
--
-- Host: 127.0.0.1
-- Generation Time: Apr 27, 2016 at 12:19 AM
-- Server version: 5.7.9
-- PHP Version: 5.6.15

SET SQL_MODE = "NO_AUTO_VALUE_ON_ZERO";
SET time_zone = "+00:00";


/*!40101 SET @OLD_CHARACTER_SET_CLIENT=@@CHARACTER_SET_CLIENT */;
/*!40101 SET @OLD_CHARACTER_SET_RESULTS=@@CHARACTER_SET_RESULTS */;
/*!40101 SET @OLD_COLLATION_CONNECTION=@@COLLATION_CONNECTION */;
/*!40101 SET NAMES utf8mb4 */;

--
-- Database: `schedule`
--

-- --------------------------------------------------------

--
-- Table structure for table `major`
--

DROP TABLE IF EXISTS `major`;
CREATE TABLE IF NOT EXISTS `major` (
  `majorName` varchar(500) NOT NULL,
  PRIMARY KEY (`majorName`)
) ENGINE=InnoDB DEFAULT CHARSET=latin1;

--
-- Dumping data for table `major`
--

INSERT INTO `major` (`majorName`) VALUES
(''),
('Engineering'),
('ICS'),
('Pharmacy'),
('Political Science');

-- --------------------------------------------------------

--
-- Table structure for table `module`
--

DROP TABLE IF EXISTS `module`;
CREATE TABLE IF NOT EXISTS `module` (
  `moduleName` varchar(500) NOT NULL,
  `doctorName` varchar(500) NOT NULL,
  `year` int(11) NOT NULL,
  `majorName` varchar(500) NOT NULL,
  PRIMARY KEY (`moduleName`,`year`,`majorName`),
  KEY `majorName` (`majorName`)
) ENGINE=InnoDB DEFAULT CHARSET=latin1;

--
-- Dumping data for table `module`
--

INSERT INTO `module` (`moduleName`, `doctorName`, `year`, `majorName`) VALUES
('artificial intelligence ', 'samy ghonemy', 2, 'ICS'),
('computer graphics', 'samir abosood', 2, 'ICS'),
('distributed systems', 'walid hussein', 2, 'ICS'),
('engine design', 'engine design', 2, 'Engineering'),
('engineering module', 'engineering module', 1, 'Engineering'),
('internet programming', 'ahmed gawish', 2, 'ICS'),
('legal & professional Issues ', 'ayman bahaa', 2, 'ICS'),
('operational research', 'mahmoud ragab', 2, 'ICS'),
('test 3', 'yasser khaled', 1, 'Engineering');

-- --------------------------------------------------------

--
-- Table structure for table `timetable`
--

DROP TABLE IF EXISTS `timetable`;
CREATE TABLE IF NOT EXISTS `timetable` (
  `moduleName` varchar(500) NOT NULL,
  `d` int(11) NOT NULL,
  `s1` tinyint(1) NOT NULL,
  `s2` tinyint(1) NOT NULL,
  `s3` tinyint(1) NOT NULL,
  `s4` tinyint(1) NOT NULL,
  `s5` tinyint(1) NOT NULL,
  `s6` tinyint(1) NOT NULL,
  `s7` tinyint(1) NOT NULL,
  PRIMARY KEY (`moduleName`,`d`)
) ENGINE=InnoDB DEFAULT CHARSET=latin1;

--
-- Dumping data for table `timetable`
--

INSERT INTO `timetable` (`moduleName`, `d`, `s1`, `s2`, `s3`, `s4`, `s5`, `s6`, `s7`) VALUES
('artificial intelligence ', 1, 0, 0, 0, 0, 0, 0, 0),
('artificial intelligence ', 3, 0, 1, 1, 0, 0, 0, 0),
('computer graphics', 5, 1, 1, 0, 0, 0, 0, 0),
('distributed systems', 1, 1, 1, 0, 0, 0, 0, 0),
('engine design', 2, 1, 0, 0, 0, 0, 0, 0),
('engineering module', 1, 1, 0, 0, 0, 0, 0, 0),
('internet programming', 2, 0, 0, 1, 1, 0, 0, 0),
('legal & professional Issues ', 3, 0, 0, 0, 1, 0, 0, 0),
('operational research', 3, 0, 0, 0, 0, 0, 1, 1),
('test 3', 1, 0, 0, 0, 1, 0, 0, 0);

-- --------------------------------------------------------

--
-- Table structure for table `user`
--

DROP TABLE IF EXISTS `user`;
CREATE TABLE IF NOT EXISTS `user` (
  `id` int(11) NOT NULL AUTO_INCREMENT,
  `majorName` varchar(500) NOT NULL,
  `fName` varchar(300) NOT NULL,
  `lName` varchar(300) NOT NULL,
  `password` varchar(300) NOT NULL,
  `year` int(11) NOT NULL,
  `admin` tinyint(1) NOT NULL,
  `image` blob NOT NULL,
  PRIMARY KEY (`id`,`majorName`),
  KEY `majorName` (`majorName`)
) ENGINE=InnoDB AUTO_INCREMENT=12 DEFAULT CHARSET=latin1;

--
-- Dumping data for table `user`
--

INSERT INTO `user` (`id`, `majorName`, `fName`, `lName`, `password`, `year`, `admin`, `image`) VALUES
(1, 'ICS', 'yasser', 'khaled', '123', 2, 0, ''),
(2, '', 'admin', 'admin', 'admin', -1, 1, ''),
(10, 'Political Science', 'batman', 'elgamed', '123', 1, 0, 0xffd8ffe000104a46494600010200006400640000ffec00114475636b79000100040000004a0000ffee000e41646f62650064c000000001ffdb008400030202020302030303030503030305060403030406070505060505070807070707070708080a0a0b0a0a080c0c0c0c0c0c0e0e0e0e0e11111111111111111111010404040706070d08080d120e0c0e1214111111111411111111111111111111111111111111111111111111111111111111111111111111111111111111111111ffc0001108011800fa03011100021101031101ffc400960001000105010100000000000000000000000701020305060408010100030101000000000000000000000000010304020510000201030104060608020807010000000001021103040521311206415171321307618191a122d2b1c14252629223147243d182a2b2c2335354f0f1632415251617110100020202020301010101000000000000010211033104214151121332611422ffda000c03010002110311003f00fb3a5de7da7acc8a00000000000000000146da4b6b7b125d2c71e4c65d4736f2e63695a3e92942999778de5dcabdae89d29e8ad0a356c9b4cbbb46221cb97b800000006ef92b071b2f99716c645b57acb5394edcb73e1836abeb2add38abaac665e4e60d31e9fad65e25291b736ed57a612db1f733ad57cd5cde3cb5e76000000000000000000c9f2902c9779f6922800000000000000000e8b90b4859dcc366538f159c4fd7bbd2aabb8bd6f6fa8a37df15c3bd7199741e6d7774bedbbfe02aeb7b75b51e9ad50480000074fe5bc6bcd56bf0dabb2f753eb28ec7f2b35f2dbf9aba5f0ddc3cf8aefa78f75fa57c51facabad6f3836c63cb81362b00000000000000000193e520592ef3ed24500000000000000003d887fa4257f2db49fdae85fb99aa5cce9789e9f0e3b20be9679fbedf6b2fd70d679b4be0d2dfa6efd102ceb7b73b51d9ad5048000084f089e1d679651af33b7f76c5c7ed71467ecff2b3572ef79cf4dfdef2e665b4ab3b70f1ad7f15bf8bdeb619755feb75d78cc216ad4f49980000000000000000064f948164bbcfb49140000000000000003d1818573333b1f161dfc8b91b69f5713dfea39b5b154c46653ce363dab38f6acc15216a2a105e88aa23cc9e5a63c4384f3697e8698ff1dcfa2269eb732ab6a3936a999360c491255758c4a4d842320f467c3b1f2b635e60befeee3cbdf2899bb5c42cd5ca539422d34d5535469f533134207d6705e16af9988d53c1b928c7f86b58fba87a74b66b965b4625e33b94000000000000000064f948164bbcfb49140000000000000003aff2cb4ef1f5cb99325f06142abf8ee7c2bdd533f6671e1dea8cf94acb7185a1c87989a1ea7a9dad3ede159f1650b93736da8c629a5b5b65fa6f15ce55ecae5a7d37ca9bd25196766a875dab0abfda6596ed7c398d5f2e8713cb9e56b297163cb21adeeec9cbddb0a6775a7dbb8a443daf933959c785e9b6a9d8ff00a4e7f4b7ca7eb0f0e57971cad753e1b12b0fa1da9b54f6d4ea375a113ae1a2cef2a2957879eebd10bf1aaf6c4b63b5ea61cceb7ab91795758d275ac9b997087853b1c16eedb97126f893a537f41cefdd16f105298776675a8abccfd3fc1d72ce525f0e5daf89fe3b6e8fdcd1b7ab6cd70a36b8e34ab0000000000000000c9f2902c9779f692280000000000000004ade5969fe072fbc86a93ccb929d7f043e18fd0cf3fb16cd97ea8f0ebca560028054000028000a81c7799ba7bbdcbf1c84be2c3bb19b6bee4fe197d28bb45b1657b211556a7a12a0000000000000000327ca40b25de7da48a00000000000000a3526d25b5bd897a5ee20ca7ad230962697898c953c0b5083ed4957de79769cce5aa2310f610954000000000000078b59c18e6695978b255f1ed4a0bb5ad9ef26b38944f0819a926d49524b6497a56f3d48f30cd301280000000000000064f948164bbcfb491400000000000001b2e5bc4fdd730e9f61aac657a2e6bf0c3e27ee455b6714295cca743ce6b0000000000000000a355411308679e74c585cc99318aa5bc8a645bfebf7bfb553d0d16fb5545e312d017380000000000000064f948164bbcfb49140000000000002224755e5b63f89ccd1b8d5558b539fadd23f59476671559af94b8615e0000000000000000023cf3630be0c0cb4b739599beda4a3f4334f5ade70ab6423c36ca90000000000000064f948164bbcfb491400000000000001dbf9556eba9e7cfee598c7f34ebfe13276b85ba9279917000000000000000000e5bcc7c6f17962fca9576276eeaf4525c2dfb196e99c59c6ce1111e94b384000000000000064f948164bbcfb49140000000000000120794d0fd4d4e7e8b51fef331f6bd2dd4918cab80000000000000000068f9d61c5cada92dffa55f634cef5ff0050e6fc2153d3660000000000000064f948164bbcfb49140000000000000122f94cbf43537f8edaf748c7dae616ea482655c00000000000000000351cd71e2e5cd4d7fd09bf62a9d53fa8736e1081ea4b37b0000000000000064f948164bbcfb49140000000000000122f94f25e0ea51e9e3b6fdd231f6b985ba9209957000000000000000000d7731438b40d463d2f1eed3f233aa7f50e6dc2094ea8f519bdaa0000000000000327ca40b25de7da48a00000000000000edfcaac86b53cdb14aabb6633af4270953fc464ecadd493cc8b80000000000000000079754871e9b970fbf6ae47db164d79844f08061dd5e94aa7aacd2b820000000000000c9f2902c9779f6922800000000000020769e55c92d732974bc7d9f9e266ecc7859af94a4635e000000000000000002cb9053b728bdd24d3f5aa025f3ece1c17671fbb271f6367a959cc324f2a1d000000000000064f948164bbcfb491400000000000001d2f9777e56f9aac46bb2f42e5b7f978bea28ec466b977ae7ca613034000000000000000000a30200cea7eff002a9ddf16e51fa3899ea53f98649e584e8000000000000327ca40b25de7da48a00000000000000ddf25cf879af4d7d771c7db092facab7c7fe1dd394d679cd00000000000000000030e5e446ce2debadd3c284a6ebf8554988cca27c43e7f727294a6f639b726bb769ea578659e424000000000000327ca40b25de7da48a00000000000000bec5fbd66fdbbd6a4e176d494edcd6f528ed4c8b467c19c26ce56d6a7aa68b632ee4546ecb8a37631ddc507474ed3cdd95face1a6b3986d8e1d2a00000000000000072de64645fb5cb377c3970f8d7216ae35bdc255aaf5d0b74c66ce364f84447a2cd1204800000000000193e520592ef3ed2450000000000000000957cadbbc5cb9723fe9df9af6a8bfacc1d9fe97eae1d8942c0000000000000000e53ccb8b7caf37f76f5a7efa7d65ba3fa71b384487a2ce00000000000000c9f2902c9779f69228000000000000000499e53cbff559d1eabe9fb60bfa0c3d9fe97eae1dd19d600000000000000006879df0a795cb39d082aca115762bafc36a4fdc8b354e2d0e6f19842e7a52cc00000000000000c9f2902c9779f6922800000000000000048fe52bff00b3d4a3d5720fdb1661ecf2bb54f877e675a00000000000000016ce319465192ac64a8d7a18105ebfa4cf4dd63270daf86dcab65f5db96d8bf61e9ebbfda32cb68c4b5e768000000000000327ca40b25de7da48a000000000000000125794f8f38e9f9f79a7c176ec6307d0f823b69f98c3d99f2bb5478778675a000000000000000146071be62f2dcb374f59d6215c9c34f8e2b7cecef6bb56f2ed37c4e15deb9f28ad35447a12a55080000000000193e520592ef3ed2450000000000000422670f5e93a5e56a3a85ac3c7559dd7f14ba2115de93ec39d96fac3aac6537695a6e3e06059c4b11a5bb31e14fa5be96fd2ded3cdb4e672d358c43da4240000000000000000051a4f7aa91222ee79e49b98776e6a1836f8b0e6f8afd98adb6a4f7b4beebf71b746ecf89517a7b7149a6b79a55aa4800000000193e520592ef3ed245000000000000896eb95f95b3359cbe18d6d62db7faf934d9fc31eb655b76c563fd755a6794a3cbfca9a5e911bbfb5529dcbd4f12f5c7c52a2e85d48c17db3768ad221bb3974000000000000000000000a4a29c5a6aa9ec69eea01cfebfc97a36a965715b58f7e0b86d645a4934ba9adcd16536daae669128bf5fe5bd5348bfc1930e2b327fa3950ff002e5dbd4fd0cdbaf74599ed4986a534f6adc5ae6150900000327ca40b25de7da48a000000000e818463cba9e4ee48bdaad32b29cad60c5eca6c95d6b7a5d4bd267ddbf1e216d2994ad89878d8d8f0b162d46d5ab6a91845512314ce7ccaf8866a102a00000000000000000000000001832f0f1726c4acdfb51bd6a5deb73554e84c4e3825a8bfc93cad753e2d3adc5f5c2b07b7b28751b6f1ed1f4868f50f2af4d9a6f0f26e63cba233fd487be8fde5b5ed4fb573a9cb6a5e5ff32e1d5c6cacbb6bedd8757eb8ba32faf62b2ae75cc39dbb0b96ae3b77612b538f7a134e325ea742d8b44b99509ce464f940b25de7da48a0000000d8695a06b1a94a9878b2bb14e8eebf86dfe67b0aedb2b54c5665d6695e56e578d6e7a864c15a4d3b962d55b92eae274a19edd8f8595d73ed2358b36ad5a8dbb7150b704a308455124b7248cabb0bc0018f27271ec5995dbd76366dc7bd726d462bd6c4664cb169da86266e32c8c6baaf5993718dc8d68dc5d1d2b4e926630672f51000000002805400003c7aaea36b0703232ee272863c1dc7154aba742af4b26232899c34385e6472d5f694ee5cc56ffd686cfcd1724593a2d0e63643a3c5cbc5c8b2aed8bd1bd6dee9c1a92f7154c4c3a89cb32612a814014014407973b49d3732df0656342fc7aa714fd8c98b4c226225ca6a7e5868f7ab2c3bb730e5d11ff32dfb25b57a997577cc72ae7534ff00fe5bab7fbcb3bf87bb2eef596ffd50e7f397112ef3ed352b5080246e34ae50e60d428ece2b85a7fcebdf043d55dafd4556dd5abb8a4cbb6d17cafd3ac38dccfbbfbdb8b6f84be1b55f4f4b32df7ccf0b235c43b4b362d5ab71b76e11b76e2a918455124ba9228cccf2b178c0018efe4d8b16a572f4e36adc156539ba24bd2d888c92e175ff0033ecc38ad6956d5f96efdd5c4f83fab1defd669d7d7cf2aadb3e1c16a5abea7a85cf132f265912fb2a4fe15fc315b11ae9488553699483e57eb18d2d36ee9ee4a37ecce572dc1bdb284f6eceba3a98fb34989cadd72ee8ceb4a80a81cff38f332d234f84e094afddb918dbb6fa631759bf62a7acb3553eee6d6c3738d9b8f7f0ede4c269d9bb0572336f670b55ab3898989c2625afd0398b1755bb9dfb775b58b715a84fa66b86bc5d8dd684da935e48b44b6f53948da5e82069f53e6fe5fc0ac6fe641dc5fc9b7fa93f646b4f596575da5ccda11d73773bdfd5e2b1ac5b78f851759464fe3b8d6ee2a6c49751ab4e9faf99537be5cbb34ab887a74fd4f3f02f2bd897e7626b7f03d8fd125b9face2d4adbd3a8b4c245e58f31f1b2a71c6d49471b21fc30beb65a93f4d7bafdc64d9a31e616d7667976e9d57699d6aa000000280284607cf8adddb97542dc5ce72748c22aadd7d08f5a6623964759a2f96bace5f0dccc97ec6cbdbc325c575ff00556ef599efd888e16575e5de68dc9da0e9c94ad632b9797f3ef7c73afa2bb17a8cb6db6b2d8a443774da70e9500000d1f32735e9ba4584eecbc5c89aadac6877a5e97d4bd277af54de5cda708a35de64d5756bdc5953a5a4eb6f1a3b2dc7d5d2fd2cdf4d55aa8b5e5ac2c72044ab09ceddc8cedc9c271db19c5b8c93f43444c653132de61f3cf3563a4a39aeec57d9bd153f7ec7ef2a9d15751796d6cf9a7aec765cc6b173d2b8a3f5b38ff9a3e5d7e92cb2f35b5471d981693e86e726bd9443fe68f93f5972baceb39faa673c9ca92726b86108ec8c23d5145d4d715e1c5e6659bffa4d57ff00071d2a33e0c6526e4d779c25f61bea4ce7f28ce4fb4e16687af6a5a565bbf8b35f12e1bb6a5b6138f535e8e86757d7168f25670e8723cd2d7671a59c6b361fde7c571fbe8511d6877fa4b9fd439975fce4d64e6dc945ff002e2f821f9634f797574d61ccda5ae54a6ea1dc7871804a424005101da72573cdcc39c30750b8e788e91b3912daedbe852fc3f419b76989f30b297f94a31926934ea9ed4cc4bd500000000357a3f2d68fa64298b61466fbd7e5f15c7db27f51d4ded3ca22b10d9adc72954000028073fce1cd56b47c25c14b99979358f69ee54df297a1166bd7379736b610fe564e4e4e4dcc8bf71ddbd75d67724f6ffc8f42b588f10cd999623a0000000000000000000000000000147b8090bcbae6d9be1d272e75ff0063765d4bf96dff0074c7d8d58f30b75dfd24532ae0000000000000000f36a19d8f87857b2afbe1b5622e737e85d1eb262333844ce1076b1aae4ea5a95eccbefe2bafe086f5082dd15d87a3ae9f58669b665e2724b7bdbd477942a480000000000000000000000000067c2c1ceccbde0e2d89dfb9d3182ad3b5f41cdad15e4fae5baffe039b3c2e3fd9afe0e38f17b0abf7abbfa4b4d9589a96064c637ed5cc4bf069c1c951a6b6a699645ab771313098f9475d8eaba3dac87457e1fa79315d1723d3eb5b4f3f657eb3869a4e61bb387400000000000050488f3cd3d664a38fa65b977ff5f23b16c845faeacd3d7a7b955b2de9e1e55f2f2f66da865ea2e5631a5f15ac75b2e4d3e97d48b36eff00af88734d7ee5dd63f2972e58b7c16f4fb54dcdca3c4df6b665fd2df2b7e90e779af9034d960decad3acfedf22c45dc76a2eb09a5b5aa743a6e2dd5be62712e6dae3d23ed3f48d4f3e4a3878d3bf5fb515f0fae4f61aedb22aa6225d669de55ea77129666543193df0b6bc497b5d119e7b3f0b235b7963cadd020bf56edfbcfaf89457b915cf62cebf385d7fcafe5c94696e57accba24a7c54f53423b163f38731af7971aa614257b127fbeb31db2825c3752ece9f51753b1133e5c5b5fb723f51a73956000005f62c5ebd7a166cdb95dbb73642dc1564df61ccda23923cf876ba3f95d9d7a0ae6a190b1b8b6f816a929aed7b8cd6ecfc2c8d4e82df965cb2a294a37a4fa64ee34fdc8aa7b1659f9c30e4795ba0ce3fa576fd97d7c4a7f4a3a8ecd91f9c34b9fe556a304e589990bf4dd0bab824fd6aa8eebda8f6e27539fb3ca7adcb58b1a75ec7963dcbf2a7892558282db2926b63a22e9dd18cb98a4e7097b46d17034cc38e362db518c57c537de9be9727d260b5e6d3e5a22b87be88e52f2ea5a660e7634ac65588dfb5254a496d55e94f7a64c5a63844c392d1b44cae5de62f0e127774bd4bf4e371efb77555c233edda932dbdfef1feb88acc4bb78ee2958a80000000000051d408ff44d156b9ccf9dac65c78b0ad5e70c583dd376be15ea8d3da68b5feb5fac2a8ae6729012a19d69400d269a6aa9ec680b6d59b56a0a16e0adc16e8c5517b101701502801af6811bf98fcab0b4bff2d896f863274cdb715b2af75cfe93568d9ea54ecafb87046c5204bd1a7e9f979d996f171a1e25ebae897425d2dbe848e6f68ac665311994c3cafca7a7e918cb8178b9535faf92d6d6faa3d48f3f66c9b4b456910de2542b7400014028e09b4fa56e02e00000b256e125492aaaa747d6b6a02e4a880a8000000000005b38f145aad2a9aaadfb40c3858563171ad63d98a8dbb51518a5ff001d24cf94443d0424000000000000c5938f6afd89d9bb153b7722e138bdcd3d8c44e0421cc7a1ddd2757bb8b2db6ebc762e3fb56deef66e67a3aaff006866b5712d6a4db492ab7b125bdb65b3e1c44a5fe47e568695a7ab97a2bf7d9294afb7f623d105d9d3e93cedbb3ef2d34a61d3953b0000000000000000000000000000000000000a5554000a8150000001ca7985a0feff00479645b8d72706b7214dee1f6e3ecda5da6f8b2bd95f0e4fcb8d05666a52cebd1e2c7c16bc3aee95d7bbf2ada5fd8be2310e35d52b98978000000000000000000000000000000000000000000000000005b38a7169ee7bd7a00f0e8ba3e269b82b171d7c0a529b6f7b736dfd1b09bda66488c360400000000000000000000000003fffd9);
INSERT INTO `user` (`id`, `majorName`, `fName`, `lName`, `password`, `year`, `admin`, `image`) VALUES
(11, 'Engineering', 'Carl', 'eqladios', '123', 1, 0, 0xffd8ffe2021c4943435f50524f46494c450001010000020c6c636d73021000006d6e74725247422058595a2007dc00010019000300290039616373704150504c0000000000000000000000000000000000000000000000000000f6d6000100000000d32d6c636d7300000000000000000000000000000000000000000000000000000000000000000000000000000000000000000000000a64657363000000fc0000005e637072740000015c0000000b777470740000016800000014626b70740000017c000000147258595a00000190000000146758595a000001a4000000146258595a000001b80000001472545243000001cc0000004067545243000001cc0000004062545243000001cc0000004064657363000000000000000363320000000000000000000000000000000000000000000000000000000000000000000000000000000000000000000000000000000000000000000000000000000000000000000000000000000000000000000074657874000000004642000058595a20000000000000f6d6000100000000d32d58595a20000000000000031600000333000002a458595a200000000000006fa2000038f50000039058595a2000000000000062990000b785000018da58595a2000000000000024a000000f840000b6cf63757276000000000000001a000000cb01c903630592086b0bf6103f15511b3421f1299032183b92460551775ded6b707a0589b19a7cac69bf7dd3c3e930ffffffe000104a46494600010100000100010000ffed003650686f746f73686f7020332e30003842494d04040000000000191c02670014635a492d455265564c47344b545539503762497800ffdb004300080606070605080707070909080a0c140d0c0b0b0c1912130f141e1a1f1f1d1a1d1c21252f2821232c231c1d2938292c313235353520273a3e39333d2f343533ffdb0043010909090c0b0c180d0d1833221d223333333333333333333333333333333333333333333333333333333333333333333333333333333333333333333333333333ffc200110801e001e003012200021101031101ffc4001b00000105010100000000000000000000000300010204050607ffc400190100030101010000000000000000000000000102030405ffda000c03010002100310000001e09d9fa6124813b38249c49d9049d90a528bb92759c9c45edefe67e8dc3b99258d2490209aab399e33abe5bd0e266169dd7a648177ceea09aada4fc92b5807b3e7d311818f428a78b4eee28a330829229d2884945826a120924c274343221b84dc680886c2649dda49093b3827671249c1d24293b49ca8c8682ece1cd9ec973c73d378f5d64973daa17f368e47134287a1c39bd3f2fdb9a745a799a5c3d197adcf7422f26a97e8fafc54816165d0ce7aca62eca6cf66a89e56075c8ac837618d88caa0f240cce820f2488a938414d320a680492749240e9242767693b383bb389e51726138a4e70219cd7b028b3d2fa6f12ed39f5ee72b5327974e0849fd1e2caf46f39f54cf5268d0b9c9b733d6f0ddc691e5d4f69bbf8f9e2ebe04d58afab8ea8524968f076014a315a1e55dc93c46c222688dd33824c81d338249027674052556927049213a4813a712748528ca00e92429338afbe7da78577b15cd3a3ebbcbafe768f52cde79dec1e4beb78ea0af7b0f2bcab9965e9e7155167e98bd44ef681c524e425018d9da7566771b4a4c4a648251740d219c20af53222948a8ab7333a4af3066249ee9d9d0924d3a481dd213bb484f19bb9123a0039600ca2e9a24180a83214dc511edfa5f9ff6d83bfe7dd4f1ce2ed3a3476c8838cde896ef4f969c269f7efcfd1c7aeb439edc6d1ede9dcf0d4fb5ccdb0e6a57a86b09a298e9986e99c26cce2776714c97ba095c93f585170292ad1d240927693b4813b392f28d8244aca715d16036941015873682d799149146b4891a42dfe9788d098edfceef6227114f4eaab775afa9c9b88aeb0b800c056101c33d152addad650ab7aa6914b37569ebcf800d7a1be35dd9553bb389106525292a9eff00b1cad6e0d993acebc19d9fd2cd24849d9c1499c49d38a52e835e27875ddc13e21769585ca47a6a14f25ce0a4f314ea6db5493876b620504296d1445a687a464745c3d765e2f9276510800a25a88520ad8622b3742b5fa7a450a5a75af2caa7ad476e6cb0dfabac8d24e94a2e165c56ab2f623d79f99d2555452fc55d9fd3c9249a749c1d2712935b23b0d3c4bd8cecd9a92e6eabe3a1591bd1a679a8e46ae7dcda4987e6946c43bb9c6ed064a6149d8d4ccd833ecb5b2b47ccf52dca1179484382b2aacc5342a3bab0abc861a8c3d22346e66de43ad116bcc301c5a67518c17a2769372d4ced931f57cf0e779bd566a44865e6092f4da7671274e24ece29751ce7a0c4e16965e9be6da24171fa23cebd9ba62f6c1a02ae1be19b08aed56bcf4a2b1d98d6159acb469c5d54fb0e4fd031d2d471b9ecefa9cde7e1d1cbb2d870a57567257b76b9d34bedece1dae7e9c97c916d87435f0e34ae4b3d39be3a8e162b1a2d05d9de84bd49967e8abcebafe67ae52e5e2fcfd25e8b4e903ba4277690b73b7e537708a37b06ede3d3aaa7e4f40595ac2bce95f9ba20120864ced1c9a8e26c02c76601ad6aaad124caf6bb2c2e83977c5ccb79da44e6d749c8ceec397a9a4a51a2470ea23725b6fcbd9e6d577f03ab962ceac6527083c9d112c2448924e8931954369d3ba4e80b02281a4f7a27690249c4ad56dc33d9b412e5960d8aefd1cfd616b1387d261c6a546cdaceb796f5c53254d6c8e979ba5c91c27ebe5002c575a34676569de3e86670f57314f541d385710eade64acecda62184baba3d5f3f4dd89972f4f2bc5775c8f67366104fbe2561ba534ce25284c414ecee4e8e485f4d3c7316830663a46ea49093a714fa5c7d7ae4d2a1a143328958bae5d1d2968f277e259d8001ed51b98f45430ce81f2dd6f2173cd9845ede20d6b5516afd4733e8d96ba54ef038bbab8f5241ca607a0d5db1f3f27704b9e4b6f6e596b52d82ce5bdb8840462f31d0e075f364c2d0f6e703160545de40c48949040c2753dec9d7391a2485e14abbd79eb824e6e9d38949ac38dad7ceb0b8eee5ede963d5cedbd9cf9b24a61cf59bb11dc742b59cd82419a21c6f6bc26d1965193af8835ede946f9dea1c2f79cdbc4670f376316ac9bb910cd27783012a3d5a65c7a7cdef97581e6ec6991f3620bc8a5ac679d984cc8a23d118e9166ce2156ed3a7a17eadaae388e151d0c0f18ec7945db7767265b395de2cea6b676862e576a1f1dca090076636213621b8db25ca9752aca3242f3df43f35df31ca2bab8f7f66af41c1ebe76be5eac2888808d2109429ce62702c186d351db135e739bacbb38870b741c5601a0e98c3715bb346c4ab036644599ab396f73fab596cc29bcc3d1d093395075d955ae3bb39bbbb4c5b9d553b982a1a39fa24ca046cf5cdb164371a7214b0e9955b1360ec00b2569572b53f31efbcefa32b4ca3d1cdd9eff3fb9e77ad436327564184829b8b49363761d229ebd94588006950c7d3a5d3cd8599ad9bbf38616ea36ec9c72b15ca919a294a66664add27a8d65993785b8064c212b893a4e9ceb5a79bd7a9dc84e1cd5474686954c5454592b9c0cbc27516af659dbb42282280864a8e639adec1ede4b3178b3a7ebfcf7d0787be86851bb8ef08492b844910040b56e4c1a91d32b508e1d2dca1cd8f48e8a1cfc5ceee181aa1d27a9790e694d3303b240ecd068ae176190908ce07141d9dd9fd1794ebf06214c50c17f36fd4ba694d4ab58ac2bb1509b41242a7446268d5c53a359f3d8bad97d7cc48ce0de87a279d76fcdd04b94aff0027689a509b78ba60295dc9d33053ab5fa39c34f7aed3e647d255673f0d6ab5952461b1a507093c5c4478494a49810e636dde29b928a09a82024a3a2e3afbd25c7b57ad773b4c9efd4b2394534b9066c2342424e559ea59a400d2acafb65e93cf9aa3641b398ca30d7eb795e9f1d1f5b9fdee3ef683acf68b484cac1b0f7355ac56a9a99973236c6b52256d71938d3536661284d3709a412933a499304613836924da49024980fd672fe85116d9a1cbb67665d976715934278eece374c56295d72c1b409bce1dca1b650059c6d79ac59a9a4e71436033d0f09899b6b29a8deec7ce7bce1eeb5176e5ec439c1a8c0b16ab57bc3b9cba3d08ee39d874b5ef3e62874b9ba638d0b62a803c99b8a760794240c9d820c93a66766dd9204920e87b3c8d5c266ccf95ac2d1cbdf9f5d928b8ba4cad7685e2552980d0597673fab88a595c227b43d5e1f43cf6a1c5d7cf0af66bd1b57306fe98837f91e832e9ebd669fcdf56e442932b86629b0d993802bd4d9cc163eb8dea755b5c2238aa861920d459e2524986f17831993ba64981d9d024907a64cb2e46194e218d57532ba7976da31cb593577a86b19e4a9aaf1cdd220615bd31b3af536793aad20d2e6ebe26433fa3c22ab7288e1b1876aaa5e8bc37a0f3efce58d3e1f0dfac58a62f4c9cf582764798c176a56a579cf3260d72228bb98c54073682076661c933028b26c840b84c524c83bb03b8c83f558bc78ee2341a80e4dfa1d1cdab0519a8bb02a033ad4f4ccad025e4fa20dcc7535c6271fa0dc9f4193ac6844d4054303b2afadf2ba92dd5d753a1a9a1cdb8b93ecb1639f8b7d5c9ebe476acaa6e3d380acc6b26161160320a094599b7514374ce0f14c0c926dd3209332076481dd9c3d4aa1b91c274b5797dbd3084637471159ac86aa5cad721c233d267605a8a6eeb44bc3e8cd9e39edceee0cfa6d240ce9eca5811b1b726e6b3433ee35dccb905fcfd1a987261e77434f7c30b37a8a9ae5cbb68e7eb90d9d5114e8193b026766d3a60766903c65012490d2481248124813b387739b6967db9fab0b6f833f5b1350c8952586e64009b6ce72467997ae1ed79fe8d26b3433ee59208ebe8ed4589335b97dce2b4c47dff003fd4bc62e5a19f6c6d6699c74a228f93969d4bf53490d2bd56f3cccbdba5b618c0d2abae355890a714e9b64e81949909d90999d9b4920492049204920749076c123e3e9134a95e87905bd937c39f98e6e9e08da37453593b57172fab6c795a19f5be7dec57a671ab9eeb6acd69c987c874fcd6de7f736075f2f52ee36be310e6011e1d8c472e3c055ec0ad5105aa7a675695ea5a6352adaafa63586715a134a34249812481324db2481248124e0c9383248149a48ed941f1f50f76b4a69abce4eb076372c9e78ac19b1e8cecfbd9da77cb4332c144e5baee28e789ea9de3bd70265dfcb6469d2d7c9ec685bcecbd6dbc6d7c7331dca5aae346e73db7871920a3342a776bd466d3d5a3ae3975efd3d70ac130aa44d38d38a926a29d81924da64e099d81d240cece0cece0f2493ebcb01e5e95aaf58c0fa30d08d366a1eb659daac2a6f51666ad2d3a87b397a487e53a9e78c71b43337ef93662e38f4f971a2ebe4f419ba59797a5b5937f3dc436b2748acbe9b0eccf06a30962a75ca36ab08e0bcc146f55bc73ebdea9ae55e06852134a2c68bb36ccecda74e0cce8127488ba7633c488769c1574f32973f421618b3a2d9a1a7991af219a0934eb680ad53184f4c8f4bb8daf9ca396e83034f4f3ba08d63e7eaf2d6f3f4f5f27672f4a8e5e81255751a01de2b43e2ea39898d85b31e710648c55701c55152bdbada6556adda9795719837031c9e98da506d9d3b1118d355525532922cd569c9c41306c310ac066baf20ec67ea9ac0cf9d1ecc27198604ad5ac59a55acb36e4479471c1d5d88c8af978dcc9d3c5e83530f763d4e3f6713774f3f46b59067e9d1d2cf218eac8645d19d72949e67091d6178b9d6f3e370dc1259f5b4aa5e79d574aae995211aa68a559e15314e9a5263aa9c9de35cf76969816c0ac67b0e2782acfb203e989e0659edd25b05b8f48860e8e7258103310a762b5f43a127a8a4c3773ab71c59161e8389f39d57375c173a1e5fa45bf27d0f3bd3573590cc59fa40ad733ab977c809cf6be26ee4985c1d3d00112bd6796bbe08ce6dfa1981795aa716bca309c6a22d39343448835e05f8de81eb5a165ce32d30b3641671e8689a0b4cd938f6e5d189218f4ff00ffc4003010000104010302050403000203010000000100020311041012210531132022323323304041142434154316425044ffda0008010100010502fbc174bea4dc73e797e397b77c8caff563b77e4ce6a089bb621f2ac8f9d7efec5fff0002ed6075593154723668fcb3fc79078806ec890ee9fa6337751c93f487607eb29fe7d0f92908dc518dc16d2b695b48f28fc93ae0f50930a483263c98fc993edcb34cc21f5bf7d15b79b95cbd6efef2c9ff0052fd94d8ed1a54ad3657025c0834ace94152af35695a52a55f7cf2bb2bd31f2a4c6970b3a3cc8f5c8ef9c78c6e211ede84de64f5671ecc75f59597fecfd1eec66e7c8e544ebb401b95adcafc95f985bac72be37f4eeaa32b59fbe71e5be9c01ede8adac4673d41dedc57efeb4b347f70378f09ce2e0231141e2ba4efd900bff6a453558d3d3a5fe60752a0e458469bb9c0eb26d4cb3be59b8c00ba5b76f4fc6e6593dbd2b9ea2a7d872995b249237b1eef54133598ae36e3c80bf65dff00c40546fb4f8415db4c2ead2e2812b678f28eec9cce201df1dbb313087d0ea526cc5e96fd93e467be4206d2f94ee7bf956a95523f67f5f9cd993a8aad21c9931cb3eae4f50ff442ddf3ca766363376e37557376445c9ecd89d3d3df2172bd295ab289fb91d15e10d9a88ad780578057807eed2a3e7b5b9705765745f2ba593a78dd9f97fe62f6c303dcf9dd1cad609e6de9ce274daa8a6634ae51f4b91c874a001e96c4ee9b49d82427c05ab6d7d9bf20256e72dcf5b9ff0081c2d88b48f35e9fbe8edbcfca943d75360fe1be5b89d2103792b72eeb1b0249941d3638d08405b55228a73427c769f004fc74411f64698584ecc97ff1f917fc04cbff001f7d7e0ee2bd25188aa23ca28ae9ac7f8acf9b23e295c1a89d21c77cefc3e92c8d08c0d4e8514e4514e6a92209ccaf38434e850545f79a1b5e185e115e195b4f901216fb4620e4e639bad28e47b54596f635d95214e3cd5ac5c3764bf170d98ecd4a3a14510884427272784e6f9820bf7d39859d3fef52a5cab72f11ebc42ac7901a42528c6c913a37b505fa36c45c5da62e399e4c781b0b3c851d0a29c9c8a72704e6a704e6f9426aff00de1150fdde9d86d9833a7e3ba57749c75ff0d195ff000965dd164b7f44c801fd2b2d88e24ec54e0ac2e15a053652890f361a8f2535bb8e1442289be4b44e87c8e08a21108a7044270f285182e962dc222e217886dd3fa7ed61bc478513ae73dc1b43b9f90e8f5330151430afe1e31766068cd56ad5adc8058cdfa91721a55ab44abd5c79d5c9c8f67144a7145147cb85fea524f4a67927c4ddf6a18f7be1f8613fd8282dc417cee6afe534af15853dcda9396b24003a5521dd9148f9070b11a5ee8f80d4117008c816f0519980f8ad09f2dbb7d26bad4876b7c409eaedaf4e72b47423c81618026323b6b9e2dafa436487ece0c2062c278c7e1eeee9ca53e88daf2831c8b5ca9d61ae2d783b47b91d469811d45748e632352757213ba93cafe6393b3a5a764c84ff002a44dcd726e6158b36e190efa7e351fe49dadc86a7c8113c8289d4f7d639b618725af0f929ddc01f658c2f7883663c3c3f1f9356bb829fda3f622111cb47a65e236e857ef485bbe568dac9a629e5ce3442e74dde469589c2c893d2e77a8b96e56ad5ab5b9029fad27709af734e1e5898191b52643efec74d67f6371a616f8b1edb156070e695234850fc368f73dd9cb724d633343e4e9d1ee9c8f4ca3972dabc1dc1f8ce09cd23c8d16b1a2e3258a4f77d8eedd015dc08c9509930de7ac48bfe4ddf67147871ef4c3f5e37f20faaf4726b7d05a8f73ddbdb378c36e8752ba647513f86cafe77212528fc679971c0649df40b1996f823a13b0396663edfb8104d780a59c3e1fb31337c81bc1edbaa563b9079dcb722e511b8ff004feefe007aea1e27f0dba3bb6b8917878f39f4c8795e2b23072de9d93295b8e9698db5870260a52b564b6c48ddaf54abcdfbfbd86ca01729df2b50f68ec89e58f0d8c3894f8dee788da11e07553fd46e875c68bc5c9a53f29d1597621a740e6aa5b0ada552643b9636272c6d26a78e27590de74b2ad5ea11f768c8cbd371dabc3685b5ab637ce059639ad6a9a475eee59eff00119b5f94d0dfaf2a6613930469a6d39a490da442eaff00137477b74e930dca516ee5e004615340548c20ed71431a4728f0798f0c3535b49a827f6c852829c3955e509dee405a8c6d603cb99cb8a2ff003e3b2dd172f4e86cbfc30a1617c9161009b1431adfcbf73f218da89bdc9e01b04f1d64a6e8ff006a6ae9d178788ed1bca2d4624615fc75fc709b100885dcee0d4260a5914cee65364ada8b4f92934293dca06dbd775ca96cbfcf1b36e38ed49ed925745821aa0606e536f7bbde3bb89fe643cc6d1ce8eedd5cff006068fec1431ee91829a740507695e479b45c1824c9e46471264393e72539e814155ad88c6b6e814ba638d4ca9e79f344ddcf27d1007b8809ac01bb134566b8277bc2ff00f547f1a2680ecbaa9bce1a6d2f7e4e20896047794343a5adcad5ab4e72df43232484ec97131e490647ab57a029a7c94a93fd8a01e84f7d2a211f3e3424b71a36b9bfa68e55a68bc82d5b2c1a0d3fe88cfa5c35fdf5037d4069d36117143bdcd60196343a857a12b9272edad9c972d853312d48289d068d281d0ea7b4104460f06200c0c28e232e6c37b8be17b3ccc6ef7b63114389f120505b826bbfb369dedbb69e668d81889f4eb9477670d31b8e9d1368446e7d0f92eb56b694f107c52b4b1ecba2f29e6fca102ad5f921948678a57f202128bdc28d29600ef2f4e8774a7b62fc48295e437ea48fc605b3da3cb4b6c0f95bca3c35c786f6eea4379034c31bba6b8d4789a1f2de8d1a153c6c29ec05d37a45a3e40879a29368123512116ab704262bc4f2058917858cb13e11a14028ff00d4ae9ad75a2cb4d4f3c38e9953f8708ee34e947761cf7b7105351f21d1aad6f46452bb70d8e59113806b4a7c647947982b40adcb7a34573e4c48bc5c828f6c5f80697a45f3277ba15744f05c4947bddacc7ee95baf4693d6f01d1e37c7a5796e91951794cba7be3627662f1d92ad91832c8cd8eda7edde97a5adde4e9b0ed8ff006ef6627c3a851fbf48c9af1401ee12146d7b5b927d2dd7a63f666ccdfa58c2a12bbf90a7ba93e4243414e708c4d9bc3a725788bc45e2b96e255abfbd7e48d9bdec68647fb79f461fc1a850ea4a3ca853fdede4ccfa8f2fe26eb822e67bbe8637b3ca5481492358bf97c4d90e791b9ebf8d2230bdab91f8dd361dd2e927c78bfe7f263fc77adf31bbd52bee52eda9e6c659fa4dd705db725decc6f8d1f23949ca9a391e4614e533a7d2f08343a827109db516845aabec9fb2161c5e1631d26e22c51fd6d4f6c7f8357bb961dad6f72fe48de32ca6e8574d6074d25331f05d78de5772b620ca4539c53e429f294642b715b95eb5e73f67162f13211d328fd1c7e20d64351c5c44ad39f481f53a6f56e7196593728cff005f27bb743dba6fcb99f1f4f75c5e427c8e2a429c9c157dd3f67a6c54cd26c80c5b9c618be2d721df45bec2747726f6322054932050795942a41a3bb74978191999de249d325fa97c798a704588c2bf8d6bf8613b1b92c54abf058ddce899e1c69e6998d865eb348dadf6abd27f668f2a8293d4fc890060401299115963fb3a3bb41b8130baf1c986663ec792b4dab6ad81786b6a78a0e09ed09c157e0f4f8ee6efab9db865edf2c9f22dc8f29f26d5e26d5c90d8d471850c34b3f9cfad1cb0b6dca4539614f6dbe15f9ed17527c88cbc38a3a1fc0c288470d2dc88dc1d2293fd3af7279ca523b8bb53bf902cd5a6b5410dafd649dd9a8a726c9e129fd0cdc56342e314736e01eb77368156ad6e5bd39fc3e54f979de8b95abfc10ca574aad136181e25ef9da5addea1f317292de5f26c6fec04c0a28b738700f67f33a29c89b5bf7c74b0e2f0f1f241c4c86481cb772644d916e45c9d222fe1d2291e9c50fb9402042206b5a0d36a28f62a1ff5abb47ba88f2feef3b5389282628e2e43697a94d39862636472db204edc9ddd30a80074f03b78ca884b187ba07b6704192c78c8645a33725fc78aa49139da9fc301137a38a71a189cbb526846fa6ba4a45d7a00a28d46ca5d87619ef391930c4d6b4b93de5d04a99892bcb700051e044c58f5b5ca68bd6e6ba273675b978841f169194af10addadabfc3bbd0da75a94d4789f1de814cef41a682edce4131b6a18d0d2797c287a7c34ddd51cac7399fc4a123e0853f25cf38b88234fa7cb1d2705246565338315ae5aad044e96af4bfc59f21b0b5b9eeb120919907e8e30ac7d2d4dec7bb739043958f12ad72cff002328b53a36b917b5ab232892f9574ec6d8d2edcefdc28a78b0f8ed78402920053a25c83f932bc44c924748f67ba2b0b33e289b509013b857425937b901a4116e4c6ed68e105c05146c8897a254f2ed64b22c0c6fe44f3489b69dda177d629c116845b6b629230a56725b5f932c9e239d1daa21d1f7cce48e1a4a770249b7386b1c65ef8b17637c32b6a9250d1bf7b9a787047b64cbc805ef82118f8e1b69e76b1cefaf1bab3ca29c16de48453d969cc4e6fe41082da1c847466179851534c5c821a06dac3c5f09a8bc052bf87becc7dd88ac87d3257ee774dc7e695852cad40fd72eaea48a3a14e4e4e08845aabf1ff6c099de48ff00b9614f3d94d0835438e6450e236276fa1e26ed243c3aee3ef1947b66fc639745e98eca002c93ea8afc6c9359968a29c11149c9c8a704510abf1a93535463d59ca8a0c4c8ed4182890d5ec4642e733b38d092516e70b8f931a91f432a4b633e467a6373b960e327df1fbf37891a6c228a70a451e5391d0fe404de07b5a5bc16faa0c125430b189fc35a36a9652e7302dc0077a9933fd769af20c45ce6edda330a805cc7b39dea67b72d44b346e831a4dd8f7a9e139a9c138228a3f8d6814d4e76b061b2345b65a05394a6d7016fe62fa866ed3fc80a1de1f6bcf197db105e4bd7ee3f6e62813dbbb17a7c9f4c157a5a349c139a4270447e405e250322b2563b7eb7eab71bda1eee1f2a73de4b02894ab24269510b31f67acc5803ebc88f784fa733bc1ed6768c98336d5e8514ed1cd09cc08c6116aafc3289a45e8b892c626b144df5feae897f2e76e4e161d1d2098548b2021ee81aaf872cc3cf4f1eb7f63df1dcb33dd0709856647b998d3ef8f528a28a28a3f843428da0c5b791415da89bb23de894f4022152704c727299769213c029ddb33ddd3c27277785d4eca6da8db71a1d8838f3c6fdc3428a28a28847cb5e51db5af20d0f7dbce819698ce5da396de469249b56eb40f36a60a5e1f0bf80f576dca3f5303d8fec4207d446e643ed7fa4b4a95825646e74658edc114514ed1c8a28e9b513e401571a054ab567655ce8d1a4439455f0e4349a34de0a695272dc90a1726397fd793f2e08fa4e4e5fb89dc0eef16d6ba9c0a734489a5d1b98edc1108b510884e54885b11a6a26fc802ae0fb740805488d23d00d00e4209a384ed0adb4db5dc3d945ae56aedb92de1a68c457fd791f2e17c28a70513bd4349db4637ee6dabb5cb5324bd084e08a211a08ca8befccc09c9dd90410d0f63de2d5bdc041346e76851ef69c78ecad774e89764c7733b6d76309e7feb9fe4c3f81cbf4f4c3f502b4f16d07c397ba283caf10509c2fe504721b4fc909d3b8a2e27cb5ab1b41fee93b20821a14fef177d1a80556a36d0455a76a5076b36cb26949cb2414f88f3ff54ff2620febbd0ecf1c0f7b7dabb89daa19085560844ab5b9128f96956b1b6cfebbcd2f641350d0a7a670f457ffc4002d11000202010400060203000105000000000001021103101221310413202232413051334261143440435271ffda0008010301013f01f5aeec8cafd193b67ff0fbd63aee471a515a514515f811d1195eadf247e44796c8f6c976275c89b7cbd1c14b946c170597a596597f86ebb3b233fa7a231af710eacc3d31f323be05d9f42d3695ff0060e0d3b889d8a6d11ecc7fb1ff001916d4383be84a87fe093f5323252eb4f3227991f5d9b8b5a514511f8b66797d0ae4a8aa218e721608fdb160c7fa1f8780f135d695e9ab363fd7a9ba37a2d69cae8f33ff0062c64675d9292c8c5fa44615d96445a3268bd5e905c7ae9b1c646d7f712bfc1a1a365728dcfec48e8c70db1bd63ab2489213d5f025ea93a4432375a39a45a267143651453724571a25a5963649927a2d26fe893a1bbf4d598bb5a64e884781c4712445e98a3eeb32666ba1ce6feca97eca3749119fb0decb9336b368bbd1a4ce7a24e31f4c27d98f2164e3b88c690c97c49f6434c7f1b19486a9e957c0b171438d3d2cb1e8c6dfd95e89ba447a2c4c9488be0a63892ec869551a1a65968b3063feccbe4cfdd8ca7a3d1baecf3a279abd1967eeda89dd0973456497f8792bb7c911191704bb21d10573a28da4b0d9e410c315ae7e44cbd1b1746797345d108f1ac9d2b232b91e56e3ca51685c0fa44571a4fa198e2dae0f0ebb6c5e99e4a3cd1b6c68ad198fa32bf79085f6255acd6e5461494488d89724c8f5a64eb4c11db8888bd0fa24cb13f4324e8dd17f46eae88e7fa96aba317c50fa1429a6225c8846495bad30bbc688f5ea9f2550bd328da1e336b36a7a77c0cc5f15a3ed68a5c68c87dbd304b8a23d6acdc3747986ebec973e9a28a36e90fd8c87c569f6b465d224f821f11185ed6c8f5ac8b66c6cd9eb5e8625489f1123d69fdf59e5e7814f73a23f0109d464cc0ef1ad68e89c99bd97ea5e84ade92526b7488f5a2f9156657b23a57e8ea29111b8fc59e164b6edf4343858f121c7f143abd323b5ac7ec4cc8f74ac8ab30e3ae5993b204e2db305c25c09fa1b2731cbf15143554b4dc45f04a5b58cc30fd8e54895b31992168f0df31fb19bcf30f30790bbfc8d8fe5a3e88ca97033163b62544f9e07c2e0c5e0a727ba5c1e463ebb1e08415a4648da1f0eb5ad2bf1669ece3ecc7393ecab9121b3a12dce91086d5428b97443c23fec43046265cce4f6c4c389422655edd2501c07f972618cd533fe2ca0ff00c176d92635a60c1b55becc782d90828708e99e2b26c8d1e1317fe465db333f6e8c64a3f9a8cfe1ebdd1d2186591f062f0708f63c4a0b931afb22f924bdc78cfe4446348c9f1664fe27ab243fcb4349aa21e1a3bae42a4f831afecc9afb66493f2ec833eccfce7a25c19be0c4b76222f8d18d0ff259baca20886212fd135ed271bc47865722b91f3e28c865fe36615ec324764e8b18c7f9140486451f4459d95ed68f0cf6e46b4c7cf8a320bdd1a23c233e2f323c0bf4f4631fa52d122843d5f647947d090b8d32fb32d986571307fd4b2441d3ad13e699971290d570f4687136ea915a450e247b2b46e84411b75dd478c8f3b8f092f69e17f9d8df264e24b4ccbfb22325344ffd1b44a437a514628fd8b94de9043475219fffc4002711000201030304020301010000000000000001020310112021311222324113300440514261ffda0008010201013f01d6d292c32a5270ba29706711dcff0023170897eaf2b0cab47a775c5a3c91f02abc418f844d7047c50f91db3fa6b62a50cf7408f27f947e43ec27ce0fc858925ff0ebc4519fd89d252dd1fc47e43e111dea92c39e5897f7f570634d5f34508edd46167369558c47f92fd1f3cc55a446a19d4e515c9f243fbf5e2f38e7745383821ff593acdecacec844589e9ab2ccdeb7348f9627cb0fe8a69fb13be2f5aa753c6a4222c574333aa51e6dd0db30c81b8b8bcb643e6f8660c0909090b4e31a6a4b054b41127b8989efa2b3db0428a7c8a9c11856e9438f71d2742306344e9637424de9aab2c940c11781bcb110f2b3b547dc2324659b3783e4ee22f2be8e88ff0034b3d18121aded07dd6764f3211857ab3f4ad4b5e0c68c6c471ec7c1d8bfe9f23e38243297959955e2023ad91aa7cc4aab631221f43ba24b63e4e93e472c887c92e6d47cace4933f21f0b4a44299d0256c99bad2e5d254f218ac89736a1cdaacbb993d2a5b8b43bf274b37d12799153c8f675653b2daf457bb555ded13e7433043616a57cda4f08454f2765c3b35bdd716af1c4f24fcae85112c8a07489634ad355fa113f276f4ec8c6e456f7aeb3827e578892f67523abec6f2f243764b976ff3648501c70b37a8b3348acb1377c888897d755e15974a7d287cd9f88990dc5bee362b286fd47e4c7bb36564c5314d89fd551e5da9ac3bcbd091058449956a7a443c55b1b95d271dc71316c0911898fab368bce5db035b8a39325497f0506ce36b459f96fb7043be2749d0740a225f62447c5d91d39b549e06ca7dbde2ddee2a8bd0ea348a926d6e539605bab63eda70eadc9c17a33d8222b7b49e112965d9cb848c0b839dc92ed22290a6279fb53c704a43e1223115ab57cbc21658962d04547e8e47c62c844589fdb2232cbc08954512551c8e8c11bc2eb9b21085f6bdeceafa467710c8de3c59727b271c4ac842fb9b1095988765e165c8c9acacdd085f5e6d2d287c5bfc685b125742d2ddb26462b3b2d2b818fc753564210aceecc8f83231d96988c7e3a15fa50a2af9b499fcb3b7ab7fffc40037100001020403070303040200070000000001000210112021033151122230404161713250816272910413334252a114234382b1b2d1ffda0008010100063f02e3fec635984d9da700c5dd961b75704ff09a118627dded830f137f0bfd841f86439a7ad7f1079eeb0bccd4b52287fdc78160ae2197b15af867d4d5b784e98a9ca68953d1ab05baba0c6fd04c313ee34eec2d09ab7b20c4c3323ff9536d9e3d4dd2ac477d30c67780b087f882612d30a18bf718f60ad97b587e1bb65da85fb58b26e37fed4e21d6d073b572c43a3650c63f4c317ee535920d19f55f4852f6b9a185fa9f87ff00f60549346ae861f7bac77eae8631ec6188eceeb648bad9d2047544fb4c9595e030dfbf87fec2dbc3330be56033e50586346a9ff9125391c47645ab71b26e414faa3256cbdb2cb7a89b0f908129add1a98dd4a71d1a983b2d8715baa5fd5195323c6915b53a2c79bba985b4ecd610ee9c35b2da75834277eab135dd5bf65ba6d4d98e537595dcb359f2162bd4bd4567c8db816834e898c63b3373a2ddfca6e1f414ccee85394cf7e0db89b0c3296657f3357f2b57f38fc727756ab44ebcad9a0064d3d5104594b28ecb02da7dcf2efc6bccdb8f72ac6395165bc16e9571476440913a95ff003310a9c24d16d5480e63081d27c8e6b385c5365bd75bb62ae21657578097a5068e6583b719f88f1368b2782d3f9562f0ad88e56c5ff4a41cd2adb27e57f11f857c278f85714e6a65594cc473200cca1b5ea01650efc3d947c7004c2be1b7f09d3c067e1628609341f61c3f30929b725bd9f0bc5d14dfb639a9cfac3359ab40dd621efc694d67c931dd54c64ae14f86fc43d5382c3a08539c3359acd1ba35ccf55786e885d58953da5ea57cd48aef4d8f0815ba4785294d64b2e0868ccad9d022988c4cd0a713c561abc2c95f9998322a588379aacd2ad6e0edcb2451b042dd68364da717c573d29b059540acb8f65fb85b65e86abb0704778ffdd488084962565dad194d4a61a14dd8cf25666bda1c7d81c202877953a051613449b09d6c1da8d4ab595dd4ccc4a2398db894e4232858299320b556406aea98cef47559432a2f9297216864b25970034084a7072b90b25bad2b6b15eb5867d63863bd4ec4ff001abd2acc2b292babd321c5d9535b6dfc2efc0dad2332549b9a700b79df842d7ee881d0ac561f4c8490457cc70479a9babaf565cbcc7086a50b436402a6f5881b94822989fe42c4f0148ea8af98e18fa690dd54b4e14a9cf84207861092bce543fed0b7561a7f90b13c40a0af0f022d6b732831973d532632e192b3565bdc8594cf00b8041c6977880ecbe5627841b4be2efd41feb60b69c891a70c4a192b952e2366c0a41b687a8ab382de69a834755b03a2f9a334f1da1343cac5929f5a714f78b3ea282c53df8642208e3cba42eb384a6a6db1a76fa361f31c94c3649fb4666421e137cac53deac43f5459d9d071efc4990ad971ee2362ae2a6ea6f0f9a717c08b7ca711ac650207a8d188347c0f10aeca661972ad1d3ac0af9a717cc021f753e13b4146361eb747897ca160b7a36e50e21eb02be69c43de99a0bb983cf53435df09c870aeb65bcc868ea9ad1d041de136971faaaba9a28d03ca70ec870ec165cc6d9c9b17784da7e6ad98ca86f9563d2e8703742b8929baeacb3e61ba9bc5fe13296d014d179cd4ca98c94a8134eb4a69bec6d1d3ad0e4cf1438f64df148605f48520a7a26d014b452d0fb19c4d632177276d754df14390a0b96d1eab65b0d909a28bf408ece48b75bf13253e54008374815b78b968b644ac85006ae1486045ad8cce6a541975835dec5b472144b0cfca6819939d384def19af28ea68da3f09f41ec16ec364e63d86f9956575d96c342c369a59d8425090e8a68426618a7bd025d535c3483b15bd3a7b1cfa41e7a143ad2e300a433a3b2908621faa900e900decb6ff00e9bbfd29fb04cd0e34bceae877a02b18173a48b8366af86e5e83436794d177f5e88b54ba5120a4afccccd05623a91dd1a27437f4ece99a0d9273ba053ff25292bb767cadfc50decb69ce2ac241146dec368144ea6829bad53534e79e89d8f89ea7ea893d506345ce69a1f905668526fe02dbc6bbf4d21687640ab73d7b95e95308a6f06ea4a5067e99be917720d0af908100c3fe2313d47d35488a2fcd6d153720a4826788ccf06e539cdb97664c4eb09bbd0dce1352d539bdaac95b9aeca71635084cd3211bab2ce3345486650675ea61dd354b56fb2593042654853b4ef5700c3f79df11920b07f1ecbb6a654851bab69c66683586b02b9fc45ab08f7f65715bb1900a788a4d1f85b4ee0943ca0a51098ea7b73f75e566a416d3f742dd1f30da2ad19bb252946df95dd14df350298eed4db9e942416dbaee57a2e5765f4a956da42211c33fd7d94536bae8b5f3c79291c9decb3848425d14b86ea650db6e615f3f63b2ef1bf15d4cc6614e1f49f630236578cb8469929c25d7a2d93c599e5675cf91d939c3ba97b4ce8348af6c29c2ea632aeeadcfda16a444703b298aedc31cbf68df384e91c09c2dc88e088fffc4002910000300020202020203010100030100000001112131104151612071819130a1b140f0c1e1f1d1ffda0008010100013f21fe55c3003ec97bf45aaacaf9b417d7c8dfdd46c5e88ef68bfb306de08f5ca3fa4747f69fe9d0f61d65e1737d15105454548a8abe14c79ff910861959a7d3e84cd1a93e4d041bd31fb93dee25771bf44493c17f66830d794c7a2bdbff00c8743db18bc24fc14390b7547a4a698ec2685b1ef9dff8abf3fced108a7727ff00ed5ec5443b976befe2d823f0928dd5562cf9cc5b7cf3f334e8ff00ccbae1627ff54e87b9b0e4af0bc8ab569e5899e5b310a478dbc15e94f16b86a781c320885cc209c27f285f04408c21486336ba4f0cf6ba3b6f83d4422b2b67d798ee35dea9c5d3614bff006bc2ce18b9198fb0e8c3a4ece82c1bc21f81a99b284e99a09a197b3d3215e09fc33f8d7c6e44cec582b58651ac11a09505af1f4f7cef248bec4e930e17fef2c15d4283c6244f0a3fce1b8b3586cf41bd7693d3335d19791d5b3b078eb8225a7776c77b0f21231d27943d504d48cba31ceb83d7fd0f9b09d4dfb3331c13134261aca6ba3a9af1ed16e8cc3dd1e38f5a232bf2fec7e087e8785df9d67f6371578448b7b53b11993f4f422e4a310c86860bb9ee4101da946f6300f8a2631364c0f42757fcc87bf83111d64cce2c69bc42dd8a227849e9f466f645145be81840b7e23fe191ff00ed0a64e36a08bf4e2b0d98767fa555cf6fa107360c888ce8f6275815a45882cc7437ca4488e8fa284f277ff375f05c2a9dc0eafd876634375a13315f7e863790646c3d291ea011ef23fce223eb0bb8436a3e5a9ad2192cd36dde8b4c13f2341d3e1d3c18209bc6bd8c6344e12a4f1c310f4686cae91f467740e5c70a764350cf7173d8bf9725b1a8cf2b94c847f0b13787ec5a9b1ad4195f5f6f853fa20bf565c45353857a854327f079506993653e89391b32307d1833f213284d86a4981d90fa343609b45e2c29794f25297843621795fbe03d9fe05f047da3f25f3191fd196c6d9714d938d63d0d508225ead88d6a8cba0c229955ae86529b6793ecde46e36ea137917826c4eaded43554f304984391a88851c169a435d0e4f018468bf3820d0c882256743ebfd0cfff002d9ee7fc15f05f248f678519b1921b995cc329898de5e4c216e237f815364b6bd854925878d150e72b362c30fcbf041fc98ad248887c59dc9684c8b914531c5a2ec7cd3020d0973933e27f321aec15d2789a1a46a11ae29b409527e4328afa1a82cf08e11605680e823767812deed13bd7a1118f30bf9ddbf24e5861f04313170dc27f01d1989919debbfeccff0012f8243ae18e9bf64fb90ed3fb43705bd1be132aad19ac890c93176a2f2b85b0d92cbfa0f28ec4b260f2c5133e85ae5f061f06ac4a84145fe1c46c8c9b25c3c94ee957f5fc4be1a81b7b6491949034ff00b03adbed1724a5ec27fbba151f410595b97b27c531e1bff285ee45e4555325e192025f45ab663b21e07a56609991f05cbe031a51f0d60c02f12a0ab9a8fc10f18946b12445ae0267e2049135d56433597f12545b9eeb1707763c08d072b3f21495098d9800f3da3b071da8841e22c2922b28d050c74767625a363c1f02e458a264837df0e4c8fe071726f46ce143371048fe08ca4ac562752152ded1b3710e8c134d7f0a1d8b494326b664d76c8f11b03b8a18c1ee59514098948125c3246653318224264f72bb18c0a510c2cd6bb3010f44c1b07c244a1aa63ea446ccd1f714e3454c8b5543e312a15e234d99e14f835f090944934630acc974556c13d93b1bc47fc2848b9d7e87fd619b5ea0d833df4443ef39142c1d8c3b612ac08c0d002f898464df7c2e4d109a5c92d13612e4c91e3060d65fb1c3765e8be5bf1441b78b3e427e1b08e4197b2aa2d432ead8d9a6c633d0c28b6c79b6816c2448c94491c21387ad98af75dd087366261b49937716bf854ed64361b87034e3fb346e9e826c6d51aa7c0cdd449cceccc8cce243574ffe1ddf0a30c5a30d5ac5a925121635922d918dacd1c61a1b7734a2de28da931de581cf6337c0efc163e3bf258a04b6269f085426021b48ed3163d8a6c5bfc83415f6fe15646738fb1bb141c4e4edc115891432657685adc7160cc1a411abf48d86c0747fba5025d8d05c1eef0f46a3af0134c5af7fb12bf65ec05d6e0d32be1d61ed8189381230dfcd31be5c10727d8fe05451b63232a29fd0bb97d7f021ec69e4ca9be86a6fb28fe85321416b33d314ec89bbd7025b98fdc57fe9d9a8b46ac979635d864da678f315128619fdf1f9585048f1c3e108ea542938305323b0b03df30842104b1f0476c729d7f8149b9ee8f1fc3205ed8e71a30fc06cf7ecfd41a30c2aada2ba32a77a1dec0f22d2a3f218cca60d0ac450d4e8d9c743cb451761a9d0f61d6e2fdb345f6931218d854cce18109622428af664078804247c20af287b7c294bfc08a4db6e211a3471515e43369e1a1231a7a3ca375135a82827fd1857910432cf3f6460247d70343a357c2d108ef221288561908c67d83dc86c93539565828319a30b548235b3f346da829d259e2b4c5c541f1b1b39f5cf236e6d8ee9507f04a7c24a5d8f57528578a604c915b0d990e0e910499b135e327d8ae02ce90aa4941949290a56d021275c0cd31dbf2ddc216dfa45f6c4c1664c1ecc507d628de9b32c8575d431e46d99b4fc08f413b1707ed2b3d825b23811709c270b78ae7c5890ba77b24be3b3fd884a55e3c06ebe763a0fd53a5e8a6de7a162ea171ed14323ec3c46adb5b1301e2591594f51e0f724cc0f30e62106657f327c02c0944b6d4c8e10449912c53e85dd1993d099b34ca0b4898d74241213c532dff0ac22e645c0e843949721270fc1e45baced81f628633259cae5215e69455d67de0d0ec1832bd7e051104eccb87d0f6fef8640a2a45bcd880712146ac53c71a8f465284a8f619212a5d241063514141a11106f035e07818a131ba4a352bfc0e1b0c6f94a4356780a441c5db8dd1b667a14b1d9769caf84474b2cba7a22d13ede158c647ea99a9e1961981fa57fc11d626b37a93af926599852b92de08cc69980f09a8f44f55907ceb46cfc8e526ede783e1b178082f33d0c363e0fca05ac62410631e87bd0dc7909fc01a1a435104bf421b3d3642485a1e61ab2f0b943aabf626a6da6c496091fa626b0208a7c06acac8d187b61515e518d7eb0b9b6c6baee3b3084e8d62cfaec5fd1a0c43ffeed16d556fc8b530341b1c6319898b38e44526850135c4c3d2cbb152690f8c724f90bc1f19076b8dacb628610a4a35f436ad7d030b71781ae01385cb765688514e90ff414c4376ce8688bf8883f117478d1bd51a545fd22e00df44ce4aba3aaf8cba0c5536dadfecca8fc584243fae0e9188f415b559b725168a9fa163cbd4cf0642fad9b1c34228fc862f145ed904b75ba2d2cd3fe88512f93718fd069f91b3fa4e85f0b6ebc1f7c5feee3328d33f489509ed899ec03b0b95318c24b06600d3fa138126c3bf5241db1a0cf7677fa327dc32f23c85a187be7220d8b3086c1848d8a18df81143ba53627c1c628f9a585bfb1a587d0c69887993e8af24f623520493150b94c910fcc1e9fd093f21912196067923e841d12d5dbd16c7a96ec318b286d13b65bf45491181abbf6683793ff004660e8e3021aedb2f0bbe20c536c8952c8f6c98164548f34959b7645192ad109b68c7ca5918a5e6f0bf261d96bb15ef88d2698b9c6151dfa1d11fd0352f613037382d9937c22fe87e466fc391b3f70a942243f27d4131164558b41fe0b38a199af549f8298e442e5f651d7b302791bc1b18a029e9e84936b23323ddd1d8a13e8288b3ec6b9a7830d865b701a1708a5f85e0988de0b923bd58afa1f1b9abf61e8bfa12cc635667de361b4d77d131bc46c7418a2d094221841b7d2331e433c39b7e4ca2ecfbc70b4318d7369090ebd146ea8cad06c995e4a4386c6c56f820c4c4cbf1a52899785e59b63434a501b2ea74999b5f651f8e3cbb335e66e1b6b6688b06afb1b0c5db44533f513faa6d2d534e18c8b725ecca83cab8c8d131eb97b132763d9e19b439663436d88eccd986b1bd1f62294bc27c265f83f85297e17d5e0fb19b665f606809d425c58a954d2c37302e61d1083dd2d0b85914162c4be4cd38639b5ff009076dfdc61db74520d6049c31ac0d2e466ee37f66d99a713d8bcca314897d700f6195e875e0870d099442f8363e7784ac907e41a19981d9b2f70b8b936fd14adde4f3c3ed76609145c65b06361c2f2317f8c6a4d534e341d0b94dc1daac07090ef4319a121b887d0cd087c182e26764f207df126e6d5e0842f869fc38a6a3bf412c2468487e9c48c5c33b367a382c62e470b225197c7c89f15b13a563328b3ad6c4ec8d07beca683d702b71db6cb707054c7273df335920f1c0f8fc1a8ea36a4647f19c2e2f1b7f0216db782fa10da8598ff0080d96f494c3e81e8bb626317ea304784336869b630e63b6e2196ff0030ccf0f966425a6cfa104c723075631a97a90d6d3f00a82ec4e8cef241f1a2c9646eedb1fa887275f4213674450e7e45f07bfe066f4d884fa482651f7065993e7c98ee131890915e8a9b1e0267db0113382317947678c1e084f225390b18448527e20c4edd21722325d219698198f391486b2997c1463e0d7079f134e913e057d86f104c48cb43f933bf9d30f5ff005148831c99d7746b20e82a6da37b3e61a6916fee38709b19b50f571645e27820e0a22086ba1586347d4ff0419a0f912e1f46d89a378656e81126b8365e10c83130bc8a78151f841a20fe0df17e33850ed5642c8448c85774ba48b7166c4e72a87d0318f647343441504cc0844f66ba7a9743982c1f89a213075344f062d1e1d09d69b8a89e4216585a06f0a9287efc1b64852d914eb283630ec7c179bcd1be27ce088ad857b53c3c9a0d2e87313f20ae56085e8ff467c5a1ef8892275b1d1573c08733486e8cc5da12aa112340e1bdeb1d1a43743dbe8968f03bf9a5fb7b11acf83b0b1233bc54a51cee0b32243181ae93c781a8b3c1566a3a3294a5f83253b191ac4431a1a9c512089b3024ff001464ea7f83066d0d96d68caeb1156d618fcd91b429700cdb24c44b141bd88247188ec1eb0bd60b9d22fd895b6548d45f813b2fed0cde4a70c6a17d2494e90c941945f91a9f28f25d2623a9892e1e4c1d2c74560564d93570a705a21b03294a37f065132978581be13847cbd21bb7155040bf261b6336ca0de2210af6f4459ec7ba6c9571d9afd113d7b3f61fb0a7932314524b22ddb1a4684db14f166df82719ed8891279e085b5fc27820d64e8bfccbd3063f25a1923ec54e950a8edf91f5928e8ec6ca28196c6ca52f146f945c94a5e170e9c35cccf221ff004788686c6c902669d10e633a342f5d211b7a42ec20ae86fec67957e88e9feb0656d8258135f4cc23ded0b979a5b084c4fca6ca1846dc43b27d0f50f36d8c0bbc13dd8c918e90d069792f0a3652fc363fe3ecec63491d07e848eee856dc89a14b91b1b311b66e6743e82791847a6047d89a909d3a1bcfa3272b543da5e2d7e070afc09161afe8932479f2cc2be0be9793b42e58c2f2363fb2e1426095ff00f505dc32108bc283c241b4c7f0c99f8d37c3dff1bcfe05e464ccc46c327a1861cb209f8146890803316911de048a7ff9153305ec473db22340ba2ab94c6ea95d888b6f046cd9f64dff00c508512fd2e8566d90ed2de5b27ada4668629fa1077b3c4435f1918d85f67e4727179a5f85e17f2ba9d348b205844e96f27919feb0c1781766c64ce81b25a1b2294485a5d6c72976363d1b7444cb2427d9658f6709cbfa44245641139dd5db12f4c7762a9f05ee73e44777662d0bf62cfaf81acfce7fc0c5c2cd1e6039df91a699827a078f808243ba5168d8fe8d2e03286390f031af167fad19a8d77168d8957a1cd93f07747ddaff0041eb82d518dcc3430996fcf0c5817c4f94ff008edc343e839881ad534968685c85e41f723753576fa15623486b9b05b443638bb034a6ca7d713ba62417963e5cc6fa1f4a832abaef93452498d90ee46f8f534e1e0601cc5cf42a9c2824e0627fc688cde9350ff81cddca11ef0fa158736361a6df826f5af02c512f0243667a46f22143a9b569a18f011249e84ca900f8a4482e91f4c6c18d0fa0fab34477e86f86a3130a8c6e49d366038f831ffc68487a3625a31256b7455b27f647d812aaf85ed98355f2d96195fde45238213af62a6c47faa7914d9117d156d14c9d46bd8963df932c98870d0a34e2c5fb1eb263d1fb29c18d60fd421e7067e0e2f6e4677ff1f46e6411346182a7b147e4636827f9d21f47884302063b4869ade443d0a7b0983af9ec6d5a123703e0681d88f191f511a232725e3a64774345b78dc0f21b63e8d1678425ac99451897b59e268687f27fc6b87a264488a8611f9189ac2379d646e06d95922d6fd0eca5afe861b1f468a9b05887a65bc11848a3e07c94bf08d382ea8eb15cb4b43d6f21870164934314f420618c6d52f14123443435cbfe4425c50c471d904b5eccb590355d21e437fdc99a98dc413d246d2ca316ae0d68ccaa3a0d4c5108c9145335e8cd8783043f4891e0c863508de6890b40ec132902707c6b9ec68687c37c37ca5caf8a08dc7670b6c4bd09456833cf6d8da419b32cb414661b9929abc8d50bb1ff006188661ec0ca52373d99f426938099344502e1796c970fb1f569986256fb3be5971f2e728c636362ecc6f9827248787131c2e098e2f20971b1d1822ecad1a63b78514d3d6351e509f7194850a90c8c5ca6371e438502c67967f6714b8160de227acf7c1519e41af035e4fb01a10462090697c130c50868fd72b917be14c91b8d6384a20a8a7d8b62048c88d0dd62cc90b0d895e464b45a6d51f61088a191323b28d0a53371b8351078a2f1e0598e851d2fa46117671d5970361b1a28fe1720c65d0d94b8a3d92cb1ed9f85198040f6210c033887b346426e893bc441495f9e35139d96f024c066a0f418a7e486c4156b908ca86ffa8f918386b2644324e06c996a1e803fd00e3425e082932c693e514b31d7590a5a21cc379bcc2176628585ecd8dc4c1050a3b0d77c2729252d763589c3f02f21ee50abd2250e75c1bde7e8adf225efb241aaae01b3bcc47046c684f619c16422128c86454bb11e451b140e216eff0063f416347454b1d1bc637cc179f0964c8b1f00b0b37144208206d795c1a04cd846fb6318632456563fe8ccea6ba1f48486c1018f81711745c3004efe26de0743ddc06883605eca1570693f2869ee71b12d1e6f650df81a20a8843cf1906350593d9807b3710420828fc0f23fffda000c03010002000300000010a51a114861840430c33f7615bb54f709e121400478815e15a294164576250d17c3d23cc4100538018a3c9db8550750a92000f24b890fcbac62b13422a829b332974906e0781c0c77517cedca9ace7006488bc908451a8c238d5016ad4490ae70b6d83cf51855345d2460581dd0950b1a0f82e4834e4162c9de6ef7683532cf2d7c838b202d8c31a15a6dcdf44b323e7807ea0238ac4dc894bce15b00008abd4109c8ce9ceaa16d47f3ea3680732cd85a53c17320029c7f45b97806bb3b14d4946b17f645282339f606523564d0aa5beacffcf43e0816c4f749a95bf41aa7c7e90be58e2a46806ce1c116a544fa37b1cdd6ee0e59d0607b7861cf5c3121af87cb796dd020c0cab8fb1936cc42b03f438d62e201fc9879329920b9af713338ad99c0a164036b2f3345ed24943b64fa603b5321402f36e65a1bf696e414a2118503f9aff886cb9afc8520a2f1c394fd6307076c2c4400d87d02bb1504c771a8f9130afe22b9fa3ce15fbd39983170b0934ee4ddd18cec6c1b1e24b0ae7ce10046d484c52adea2c7e5598d2599b933a9e7f25804df5e357c71a1a9dbbffc05eaf6f40d4e5b8175b227a718844288635dbb0b7171107d3b035548713cbcfe54e12141cd100d1e1c67c16c2fc013bc08ccdbf9907140aa29b8c1a5876916890ebb7cfdc5ba470ce2772973a82aa0e5e4df41f268bd84710dbcac73a15413852cbefccc1c155a6157931091c4b80116a6da917c224ef414432458b87db7d5414c98dca3ea6fae10a867baa1d757ecf478d8b7de7976fefcb1a85c9233ba9c8b76d98f94c1ff00b1bec65506db40c5998fbedccf01c743760e5f68e3e48690fdd515f17ea4b76d95a827673231bb47be5c8e536c4fda136d127065116ef8519442bf8304e3c33f971813623dce12b96ed41f6fb967b1f2c6b8edaa586bff003de9a50d054b263e3432ffc400281101010100020202010304030100000000010011213110415161207191c181a1b1d130e1f0f1ffda0008010301013f10fc99a501fc1737c106a10e5ccf7e1992972e6dfaae1ea2388ff8a598191ab4b363df87a834fd841487afe2fdc327abf7feaedfd611ab9032efb928d1f7060bf20d7e4cc9b2fe8b81a5bb0f4c053ed7fd5a6fe365d9f72143e5fe2da1bedb56074b91df56afda0fab34c67847de01b33f07f33bf0f3c3e3de4e786e15e4bd0fc7f3bfc4797e07f99e27ae2c1f5f7fd645e702cf0d9bb98cb65dbd4757136d49b25c2df77e4b68bec437bb243dcd06403d8ebf6ffed8bfa63f1518e5ca3c13fd9e13b85dcacd7c33c605c6dbe41b3f8466c97cac374c83676231c0c809a486d6e7ee368705c1ec61e5cdfed29ee3e0c21630e3e1f1de600e7be7f16614674c0f5b6bff004591cd161c6de86d2d7185e05cdcf57023d1db3030cee3af06d0b2e6f5be1eae65b200933bfc1b51bf64c3cc06b0dd301253a61dea03cc979801f77a6c1622320c70d872ccd85ba65a4c5dbdc3d657a3dfafc195afd27bf57fb20e65091e20c9636c4f244fd170a64e0ded192c9c333a675c24d8be0d4d30ccee32904ff5b915dfc1b8e61d9ee350094cfd24fab67094eb1cb1c5f2b2b09c5c7783420194ce3f818efc71764713976bfbf867c60c9a1e249020c168bc581cb39d21cb61f4f136711f259255f0800c0bd783df3e1ea33bd27a8be8f0b332634c12f077023afee830757f6ba1035bb27d792caf8731a9117323ef23af306163bb2c5c3cc6897e62c9e86da45d21c2f8616532e1bb6fdf2d087b8283ec8afeb3fcd808799e7eabbdc1b2fecbc72cb21c83812939bb0b0ea03233e325d6d130f29980f0dbdae202858083482710cf9fe20f688f067b8c17b6272fcbe4db6b59dcfb077bf03cf858ec07938bdd805bdae5865c876f9850540f3138eabfc4b9ba12e92d58103d1cc1cce1630f0b6db1d705ad693d3c3e122c1bdb63f65f1f264d13a2c39bea16fee5ff0016eb013b38963935dbdb0736ef5c8ff174478586cb782f6995ea4f45c9a5fadd79e53e344c3b9d19e0593d52dca01d9b0eeef7eeed1a5f7feae65f2f89d788ed7124f73c396926d9e4596592e38b149e8d8cdb7a7e9fc92c22f30a7b671fd6257d5d4fccf99c4ef5ff00102cf8f2ea4040ea13b675770e4bbe7a7e193f52e1b276c3d10c25b356fd13b7370076c1826c35f001ace54e377f59483d44d969e30398cea1f39e08f253ec9e4e2eb39f19775f706f76a27826a20859925cd903a7dc0e414d2db6d84b02d2488f07e27c671060f9b4953f4f72203cb73e2ccd1c47053483bcc41eb2e5a7d4dfad8d1c41f721eae2e25ad6f7e32082072cf9f06d93f05c53112cb132fcc92badcd318c24b0c710effee21b80cb9f1aae0fd7c76a08d8f8078059e03c659e1ba58a22e234c30b632404b610c7b0cd55f7f172197f48f6edeee4c9c41bb7bc8638f8df05ddd47e5866740e670a2bc11162f047ec57645954cf0aedb13f66d727564d3ff73e04625db33886db6df07e49b1c2cafecdd3f77144689d6d40e6f72d3bc8e4b987d4427c5c708eb4726c971f01cfe27e79114298ba3e24007112fb2dcf41132f6ce2232a82397d89e02e13b87c96c263be21ff000be0b0770b8118364373bb6758332338b64b827d4764323ee589734f92e0123fa3c9e411933c91f886b26127bb038b4e108e4b9825b019300a118f25d8fb61b01dc302fb81d49df6131d8c6c823eff000b4221e61ea082e50765c006427d19c6d2c4dae69fac34b957bb3dd8ba734e191fb24f12b60ee7c6ce5c37c6d705d24f3df19b6e76576db37990675e5b302d910d7fd6e84d743a0cd87616e48e18207a83d12325cae16a6fc08eedae1f00e36fffc400271101010100030001040202030101000000010011102131412051617130b181d191a1f040c1ffda0008010201013f10fa4e1ef9b77ef63f3cfa08636f47c0bc3f96e997fd63fabd738d9ffc1b75e80cc7dffa7ef9024d1bf6cff98e17f9b23f5ff77fd73fa8ee201d1c74f6dfe638d8efc930b5ff0007faff005c1e07eac73f76f01f62fd408f23c0feadbda65aeb67739c6dbfcaf3dda9d97c00cbdc747dd6001f1bfd47ff0063abe48bb0e7b2fd799c659f5e6d8b459770df3b693fb5d91eae7f8828ddbaedd6f28cbee37ccb5f603e7d393b8bb8fa9058f1b74ccc8257a4805f64069d5b3d270b87290b7e482463ff00b39239591f885f9be08374207c61846c4bc262f0e5823a94b3816f2f65dad9e0e088c5fee4ea3a0b2f49237bc18202dc8642b7cdc237e0b796b72c2d9b0e07039ac1bd318764725803ef0e99f2ec9f5c2b09f78530f9bb177984fd9907e257d2f8f053b807790e477dd79e72470acf9f69c4ea14780107e63ce5b66de4a3bb0697760d982d0e76de3275eb34b0301f479dddd907522359b4da00eda0c3e6383d1b764c886eec381083dd9f59f510ad7d18ecdddb11d9b57e66bd0043b724e176317ab7bf3d49201b3f64dd21699172296dbf40367cc9dce086dec58f5cdb169f896bbfb962fd7fa96a93a8ef12037770659c2fb2bdb606c38d11078f12cf3f1bd9aa36db07bfd42de9d91e38f5fd44aa7f893a0fda22c80883f6ba1d5dbec7530e0911d303e309f60de0bfc64bbc3ea5033ac92f419f724ea7057cf1fe497bc701b6bc21b6876cb48e120e3d5fab58e1bede8956757f43fb8ea6667796750c01c647dd7a5b11d87d6f3043f308e8e7307d014b762dd3ed8f643bbf3c1ed05d253750b136fbd170475b0f681f21430f0f27d1e1ada8be61896dfddc7cbf7ffe4161dcf8af5bfd58509b64fc58afcf0771824b182ce365e4f3e8e97ef06b23f7bf2dd9364307edbec5dbdf90d6a20eeeddcc1dfee4e7e5e430161299587e93e8ea7ed063ddff007bc6de07e2e9d8ff006d9ccad0ff00826c65de0a518566445e33307d01f4f7f6dd93f420e3be1b21be13d277a5dca751804ca7c5dddc98163bbd2eaf72e31ef1e1f46591d7d3fbbb218df7886a1616d99e58265d62057c79fb8f6aff00df3787b5b2dcb7ead93346c2c59659059fc1bb5e41ec77383f967b7ab81d99d9e363c0437a601a7c2ed6ed932c9f3263a806ff00350a771b6d0c25c9be3e7e909bc6d5b571f11aa1abf089b390e11fe47603801911db059e160fe61bc3ef5796f587bbc6cc65f4218fe1de3e08ea7654e9bbf6c37b6ed32fc5d5b1c0f5ab622739443fc5db605d7d5f8709978e038f48f383b5843e2c894e50c47d4c7b317ef2de882f88d7ce43a3c790f38f596ac5d3c8894a223e81edc3ccbe6594baedd8be3b8ea7bbe6ed985e71270f649d64a770cadc1870b0b7785dc728a5910e772f67f119f588994f500db428086e96edf04f589f256c77c7ffc400281001000202020202020300030101000000010011213141516171108191a120b1c1d1e1f1f030ffda0008010100013f10ff00f135af8184da7486cadc0efa2bc9df1cf800288589a7f9dbbc4beca0b4564ca4e7cb05198fd00835d4587a4dc6463651db8ff6057d53717e8c768b51bfed477e20d31b3c11c289cc57bf87a250c5967898270cb9c5ceab8837316e1dd2c748c22d4a764be8fccb3b3f32cec9f67c19957b21fc4fe07c1c432fc3b4b6a98d4a80470dff00687865f5c8b63ff0f8fe57a76cadae51be88a145e37f599982edcb01610e7d8ff753b92a3bdbfc82bd64aac65bf8a9b7d400dd01fca565dc57ee62db36d4a7efa8e81343092a9df11f5d430eec1d91ea20b982c476aafe0cf13663e1cb51dcbf107c42efe2d96f0bf98072fe6427503c63e4fdc2617962c4133083708d0b8f57f688de5702f438fe3fb5cb7fa9f691eab6de28627b918ef2ed9e150ff58d3d71a0e818e1788344f20fba7c78ebfb113ca50e9b65ae799b856dff0092a4003bae2ba304f0854a06abc4599e59e910db1faca5aa1e045b3391ddcd655c66611299ec95770538f86f894be67b204daca772b7329ee4bf67c1ff00e0be084108555d72472363cc27dc22ea7b3df8c727f507a9485fd0ece9fe1d0c114259835139de8f9c430ca7407e4bfe4540588fde0fe98e9bc4409b13e944e2543ff8b81a4a7db899e5d9942788c510716dad8dae2fee1a6bb99a58db736069fdcf039615398ac2ade58d9811306ce20d705c437050b7e6a06352bc4a9528994087f221372dcc210dc302cb5986e1c4b5c2b61c4194a3e61a4d993c52408205d30473d3b1f67cdefbd1088c394667245e7373492d236d3e007f77070f77b73fecc8215dcb3f559c30570b1c71980d85bf103991218a9ca5916ecffc112b4acb307fec6a885c07043b33af12f07978d2aa5144534c4bd2e532d8de3ae4e22e8f1846710e34c072ddfe203cc43810319f8095ff00e67c1af91bd6210cc32c745773732546d0274c0c3f3e9176c5facc37dc0b8bc5294691825cc7d5e1e9e7f3dc2814239139998b8bbcc71e20fda61f8b97e8a9a75cc420a427da86b1bfe9aa5f2b465578c451e2a8ec4c17500cac47a940179751ad0dd32ab622ac5c9c01e8ee0b90ac4a3a5fdeab72adbca38a191b9600512b4727701a54a369b968dc31cc6d5cc8804e6e20bd6634b1c4ce4b96ff002a9c7ff8fd7c90788ed4212af515200d0b599a2df8bc4695a9ab81d02318c2443d05c9e18908e36e53c270ca496ad571ea69b9e6dc4b87ccdd15ff007b4abdb5f2a3ac0811adb52cf237658ff8c5c33945c695fe4023a05775c1a82b0591ad7a9830a078ee596c454d0fee1296394162f1302a35e38974db296660b1659a21b112e2ea8da5846d8da18e66abc4ab812a57c54a81fc0f93e4f1f0420d5a6e57338f86c8af162358755c236c55331a4cfe7923d50ddcfbc8a12d6a1ee11a9f1d73feca46ff00b04957631a3d175f2b2eb4045ab625356e23ba525128e6f7194820117a9715fb8f62dc12e2d55cf0ea0c6a035537d58298258ea5f92556e12cea50d23e65933822cc574d43096b5c4b0c23289a2a0cf9f533b84b992b0988678852346e7783ea220b961f07c1fc02be0816ca9001e9994ab3c4a18487af85996311aec9a37ea60a4fa8ecf2d915a2ce9177556b620273182af88755783f8cff0092e93789dda62323a5cf546a5e70344f03c433ba282a9e60a44e6eff0012860c78cca562ceee760f934c7c22608cf97b84c892ead7f999229bea0ede11d414bbeb2449ab1786a2bb15c937c2114a676661cac4685415c70dc5b82dc5d8ababc4b90b4bce63bf80670e238ff34dbf11fc06be36f83e05c11c40c605f7066004e58a89cc19636cbaf10ca350c5a38fc41e05f2194add9d3b8f6d3102ad33ebfee5ed0c8c86f3c30be44b330316f3982822edb8561796e1884793997f26baab6356c1c1dc5150e9eebc46c54652cfc41e52752d6a3b355145503e4805941dcb06bf528d04d2b5d319a971420af8acb972a04276278260251f1176080c37dc8270c42815e2aabf37087f0dfc0e7e0810d170732e15f05991a8fe6bde0e3f250c604f32a4c32fb959d46d0a09f99957a782c35fb693031f93536dba64ab7f7988c09a76b5286e28d3960b6bc0c6f4d4be01c3641eda35c095f00d4c1a210d4a8d77312a1b29b9ba26157533019b2e20885ec6220caf3159d23869f8a3e2b10274250cc81e61e2367c852be732a54af9dfc18f83e0841980e913ab970b1f7717cfe145721f989e54e40cb605724cda9e1d42c74e41061e58a338771115c4b5bba3aee117bc7947dc1c14dab47fd97f8572c1e88c54d6079976686d605b17398217bc33ed7b800aaaf8598565d753f781b681b952df752db2a0d299f11d30a89b9714b82da1292c3334d3061353688b4b3ed06079848062ce048fd3fc4fe04b6e04204b9a33055c2ae31ea1c0e378fcb2e0ac80b429e22cbcfb40c93278863dc4e4fb8d70ec250beb6d665e0ba7889dafbf2570bfb823f01112a3a8b11ac05ea191e236ade8c30f9d0cd2ae6af9d26b5108e30d44a922ecd6f1145431d474cafd4d98b8aafea205d67ccce92c57925541a972e216e611bfc41d62d4453d4bc7a1fc0f93e47bf8219662060552ddfe25793a2a55cc4c7a0bfd916f1fc690778115cfee3bcdaad5fe265c5c653f9272a1bfe018edf9e1cc1bfd6c43593a61d9f88234dca72e184c0e683c6ae887387b352e8fa9831b656049ac6d863bd9c197cdc63598b04b2284082d84bbaccbd6fd44d379979aa6fb9883dc32a69c91d13fa828e2997ebbe2641570cc13c399b07c07c6d2b567bdf086e30eb48bba22a55ccad62065e01cc0a145401d1f07f00b84e6119506e3ea8e49dc330592f39c473b717091c021a0336cb3a78b080cbb8b56d0f73655ac31363ed53729091a58ff0023c2edbb46a12c574c54ed8132a5b6c7b58873bfea61365fa980caa4383dc372cd51d4602257c18c0c79a5b30a7f72cd5332d32fa8b91adf318bec1cc15cea9c7314b3ce66578a45c0e21666825accb8ee61a1f047e25f3e537749050553037e5510ea047b0e2e48a6701773e7f90de3e44595572bc0435828758b8cd8d21f9123762de252c1724b700d30b892a862a51851acd47008d731554218a843884869a0612a9d87896967fbc809982d3c331cf11ae5dba94cd5f5140514b5ca33c1290bf528ca33403036197abccb0bc43488596c29cafb8082da0ebdc2190e2ec653597b424344e66730cd531dbb592af70008d79ee65b5aee30aa1dc7265d954b868ccc8c1cfc0d11f94b18f11c926b4693fd85a05723c32b41b3e9140591792afe097081cc087c08b60246e81ff70c5e557e26e1b677e4957e946db1845db1a49b3771b4a9e51194060bf889100e6af52ad727172e300ef3a8140af1e494e5c8dd788ec336d9588c5be4d8ea2d1cf8995c60f331fcd65a86836436e0843788ff00a9566863620fbb8e0b3e4960b055a8a7e2125d58660f8cd91f320c2db9f310a22875ea24ae46475e267741bae63258b7a9586a555d8698bb2f04dba1bb8e9b2d7b86335ee3392b88c4b122032f3f08e18f31d19ccad4a4997f61bd8bf04786b4f330cff6682548b3e7e4f83502108d18907958e490c41bc4bcf186c8abba0ff198cc6f3831760ea32b65acc138569ea373e31b2ae55aed26a198ec77700af17cc12de5989b91fb4cbc8c0b20ab30d22a3cc34a6460ce78843000ac5430550e1dbea360380b629287ccbd80ec60ac97a885d5fdcb2859e25b153811c4ad6e18c41c380557988795a8aa2ec46aa1a22a5dd4b78816943be3af1360a95d3cc66d2808fa8e11a7a9a43c2065e5aaad061e52e8ba546a463dbf81b81c1f0437119d6b562dff00cc32a8ae62fd139368f94a8a6a9b85b52c1b798a002e60100f985a1a7655cac5745cbb5a62ab56d4b4a6de65afaa55708f06ac15e20c60a87736c05b6ee2a52cb3088bdb28a3663640fd17155070dbfa4c8a3d86280add513ece95170e26e226c8402330198802b4254be9bed8d6ca6f4c4aa971b99ea03d4a603d442611d9a86a0f11bd5333283894e2d8105140b1f72c13e4ff00e628af76a9b9cfc05fc90ab2f23a045db7cf2886b76b24c91503ef30c0176ea52a020f3d51e6273c49a8167f446ab9e91260c66ee21b4eefb86b0de4d9e65df148167a438cca30f44523dc36c589743bc7e4231f48a8e28710af99907c25e1840a5950b8c01cbc01f88345470adc2f0dc1a6925a914e50684d8752d325398920ec1393e2ae1783846937995ea699799532ee225fd112819cd2378b2347503c62b7884210ae27108475c41fa0842981503917b4a9d8b3fb997babb8f714c450fcc53405eae04de05304a005dd72c58db97a886b0eaa0b4f38f5116d8267ba841f17ac442d195f2e60c2198ce1aa3981930523960dfe817db98a2def519d15e62c4479e081221328ddc0ac3c896e1e9788eeb714db8865926433b6571a6ab150c31050a14866bbe1e635655b105b98746ba8d250eae638c43733830799c90d620a32ae3e02be5f11adfea1f03c4dfc105b0022e03fb8d6717a2290a010e42ed5ba96a0723dc00058abf5155fb6e5ea1b97a00633c4bcc5b6a9b9d506d9434280370ab9b36a7ebc0952b74be858709aa4191e22dab38631450fe865fd4011a0310b40dee3000f32cd7d0771d0bbd9dc7ae52d2cb1d929c257b96045c99538ac4168038f303e28c620a5857f52c7443388d474b0e7dc32e711c02c073704b074cccb21dccc7b8687cc370adc46c63b5a942589a5a9481e4a752dd548a1e5cc3e3b408408e1aed519e896bc2c12fd6099e96d62e60aad5e7329e169a9958a0a5eb12fd1d81a3dc34676a147e583043252dfcc6950d2e65c64e046ec5a39e2210d5ac22201a9aae757a3fee1d112a344fa83657533d4b99aff00eb3c7f72ab0660c40840f288b0be62aa23c45837412aac3c1333ecac3be812ae83c8e62f8a1c04d74bccd9e7a895251462b33385f519bce9abee02230cb70e26d86146d236ba8fe440783064957e5855ca10db51408528f0b18a30b03a80e6b76a618d46008045f821a8421b96d167cf7080d356ff00c8d555d0231f85603886b161bcd315aae57af33824141ff337c499b35d4d0b2f4c37c933bfeb684dea59706d9ee3546948c27197ee101417cc208d6a6d194fd08311d5cdbee2a5ee5900cb04cda6eef5fa96d0f10a36973b42b30dc4613225f353d410500eaa24255f0544606580856d4b86255bae25820b793a800e2458a0b6a9c7dca516ff0025b62099940b99e44963c5441acc6321a8e0d6cb84aa6f06d70364a0dd45083a1dc3606bc32d14b31894f37e0cc09b8425dadcbd0dad44b818ba5331bd02a565837e3ddcd997aea07926a8243c900f06ebf88aaaf3dfa222c4f1459e8250f3097f79f1036815ff0051dbdc73182e520de74f2b0d4724b501dcb48a639317cb00da21af04b9c170544707bb820141891b2663b5752af7d4a7504b7500a96ede2a5ad415962a0ef708116401a5114296f310eb32c6998b4c1b27154c6dc2ad4b4cc09ccd74ac928fa4b66968e2095546ea5e98c54e1c177dc5bd425be0813bb0fa2310d83883983be1f52c4c5f88169c2ec212601c5c1d7587576cb880ef29050e697e768ea76261f44b5421b63e46e9f99b256321ea5e2d37a2672c383894a832b284f0ff00d9808982838c1ed86687b0c2d74a83a311a19d445eb10d36144bbddeba958e116abfc956d7c914954198394e832e48cb55b4750a11dbd4788076c2ab9b96361fdc66e19de65b332c079260a88218fb949897324dc0943897f66628531874bcaf11b6171fd444d9ab9c87d4772c5666d106a5bf3f2216011f409578205b20c903a352f4a636b9487355530dd449a64fced9797e598056527d998202d519705aa0b22d6b75f38653345813b329a665b1b0b017f72c07fe04d5141a54283a11bfc4b0916b68260c5aaa61aca6e6c25d8350d388a9c7b8aa5d989400065f2d3cc51739947b5ed82dc288a773386daee1361601d658e7d42cb6157dc5b1f97c5895c0c6609f89ac16df1141adcc8384964f7d8bdccd5ad0c2e863b5ff00336d45881afc438d8c5aa889283b4c4c7dcfa8350c7c1c1652f2b528085a7b79650c7ff865cc545b7967e033e206893cb0870b588fb84142f1106b957da73000f6ca4e0de4f52936e4b2e7c84cef7cc02f93c134f67f5290c970fac7f9f12cc72ddc39aa4b76205c02ad0ccea602a3c42068dc76ea52ad998edd5e22f44b0d311d056e678d1d4ad394bb70c29945630cc9461194cc22b98ac4248efb8e202c0455952b88d4b544a8cad335a99f97004c078878a8cd0e08ad946cab4403f3c1bb852b0f3501b5db33185e1d0e129793e08172d0d3c9efaff995586d26ea6c96032dc469c4bba568d8cb846685c7e250dcb87599a2339837cb161dcc8e061db2cf06699f0402c04604250aa948416e6ad8817460670245ead9908f3318d39fb7fb01d32fc7129a961f698539982db8611cde613071b97add4b1abbf53192f39cf1042a1a8ab0dcc402e90d43cd91defcca5f0e9bc62580443ee50620512a5095140842e62e7cc565a22342f50aa837a42a8abcc42813a531a676d4ae5f955da666b0976a9896b389cc2580adc0354369dbff0050f8329439c3fd928a92e02c9cee206ef2271342d9e66685d07d4b2a3cee599a507de63dd184bd92b51614eea26f70682300d8750abc36408a1c4ab8579ae3b0ee33f954fc82e52c0abf2232074c14dc0619777ee18231ad8f1a8d1b0fb9996a945f88ae085724d24465003a802643cde261270057ee2045a3148f2c9ebaee3836b5c1531602c4310660e205c4230e610c2cb842db2adaae2594a30d555e58584ef817d9057397a94ea19611c3ddae9961c0603444089b64c9864fec9b0ec8f5bba601abdf150ad188d63ec21580758674801f7897d4761f7294c979f132172fa23b8d9c468bc8612eeabdb2afbb247d660e771e26d2a6b5abe707fb26d045bd328c8b9d78ccb392a244152c9c6658cc54dab782395a53103a829c799cec768210828a94dc2df847b6e6d0cc0dd087031a816c04084ce07286a8d90a44f494b3684550466298aa32ea5e187d3e14e6a766a6f2e73143398188417004a3dbd0ff00b97c29426c5520d7e21b2307db9802c1be2395314624c0c54c96227a25d2155cc294acad309983eeb76f13304b68ed66e0064ea15467c4220af57040c9ba658b70a9998810d451181bad1d0999dc2e89982ab5cca1558ae2173ae18b35cc18a98332834fea002e878ae26366dc06df71519e9cc4b6631d12a487689ba5dc175162ff0071f51d74b33a104414a60e628d302ac845bb82f3f0b5736a86532969d4bbccb3b862e610813d947db082a30af11ec9fa96a15ec988bc455fb8ec2e22ce05710144bc90800c089282a0b2cc6fa96abbe886828062048dd5b31c1e1ac4a5be1b8d6607025025d9a799409ca8b0e1344ba30f88a020197761dd47892a94ea0ef888f0b436ab6c505a2598452102ca28e7fe2515bc30caa8aad03cccac5c4a52ef188a9a875cc780b92e1e25665b9e93684e28f30f508b9a60c7860db2f3716a1179560e6e10dc1bf4f6e5ebf5998ae496aec234a757ea2f5f3fdb1904c70dc6cdee19ae127011d302b6f56c7499bdb159235453271296cb370c6c6288083905f308ce5951bc377714edd2c384e26232c93753bca0e588c9a6f8808b16b3961402e6dc90ab6e0aa0ccd8af72aa69883640d8e63537b2f71a141ca94de1eea000031845e5116c3abcf11bd52fcee2ead40788c231731b7c1b5f2a13225cb972e5b2d85204a40bb823a86fae58763730a8cb1c0b510ffccbd39a2fed82868d4ce13996551922a5d5357ea0a673fcd8d506b398b68f2c4e2a0447ed826e134d450a21af1330a732a8af0517bd436f5db034898832a977053f0983430082d58051e99b198446e00102e61b6c65e4cca5e636cc07344b65f11ad4333e9a0f30f834aa20eeb94694d4176cb7714ec8a3b2008a352d79f8690f833b8ea90dff000b8cb86631140bba6e104280aa80702528ecfdca297282bee7810dc2f573a85e2f1981b5ed9adad2bf111d6e8c6a0e525d3b0ea3728ae0263edd98d1444e1c62075a894016ee1cc754181cefdcf71282a2cc629808f0144d7c86fcf88c396fdccc55358976deb35136ee2d15cc456a5b21aa868e2654d798f20a5f8fb85b65be3c412e7e32ae20152d973d4a63f48146be62e20dca508e1972e5cbf919809e4fa9b8717351704ba8c9b3da3bd9ad184f12e6a4a0fd414082851b9ab115c0b407db518c6280f188d693045ca3ab6e6002e9c429c81e50995c772aaf4b8f6fdca01a84b8a793867876f5d3f11d4dbee5db0bfb8ac463d0de4dccad859e4d91306e2a2c4b766e773712d52a22ec2145659e330363c10e8413cc24b0a7550f37338877520f4b206ffc8a989735152a981dc4af931f59861cc77acdc65b2e5c5665876d9821d941558bc46a6e5015474ee3e143235ed870468571701fd03fa820d95586691dcbedbc132116007ddc0dd6a045174c1586f514712f44035bd67eee58d9414d1335edbcb04297c43094b56e22a5687d621a008ea3aa44c17a5d3b84499672c56902b4e9c31d0a37702f680db51887996b8daa67afdc6cf2cb1b5bc12c3217ea5d543dcd29a7528181fda0552afb9687fe4138313aa65d41d4aea7b21996989cf5145b87116e5ccc065845308689bbe05a95153c409a9818973a20f0aa2a341d1152e606cf7380734531c98a08d9c112b09566ef5f012eaa9cdc65f412da737331c143d7996332e2549e5ef999442f8a80942c6d25e5a4d230428a31e90009ce77137390db96226b69b4ac91094d65a7b8648739e1e98270b89aa8db102534b44f7515d0ea56f1f888b5d30cb041372ed0f18834a8b7af30914be6e05973ee05a1925136ea5330e27a43707e1825e6e3e53703a961adcb587694423c51fd644a61840989dc6b7ad94e4f13848a3a5db1bf2b6bd9ff009332cc3a990c6a5d647ea6a6e886b5aacf1150c5333a22edcc3b5123d21a52f6c641e6203b381c4d00d6bcc01663915b83a41c4ad33fe054c0be66433f74c864fba7311091a1ed8a2b2d7e25cc2f4387ae651957cdba97eae95c7a8f74dd3c4c61ed6062e2661d4a740bea34b2f1e6560f1a8ca81c33b9ba0f7d46a2f0bf51bd071711a420e18e1a8d8cc51cc63943372e3699a6e0fab9825b0396147bf94e03a942f48f7336c85c528b03441466a3d63baa5b2f1883375ae08539301d425010adb282a968c62210f2cb145a350d3616c41494a266de57b65c1e20179de798481a657529c006a5aa9a62edac8fdc0787c4744c037794cada6de2391e400855b6a579735fb940ed5d6dc90d31c99836877b38970dceb733d793d43b53ff0073a27a860b07a7a8b2a2c1c9985a07b7880b6c398985c7f512af128626f3178c4738a22e29706be1566a5de18145dba207855e21b85240752961e8f72bb27d42a535ddc50e7031e058329fecb5e16e16006b3d4b3b14b9412583e499ee88aa2bda2a93638c416f918f6a683d4bf01766606c96d06e586bd2d8cbea5403996e68b94bba80b25dac3b9d7290aa0f41cb820a994b1db06453e70385fd133e6988bb61fd037043a8068cb71d5512a1c42357567481218c71f507d1e6ee52841cff00e47722d3f5e62d65596d750b408cd5f30c17635b9b18625b03ace62a542c8aaabe028fd2368659f816c97588b9b8edc411a966f33c0a822e34949988188abb9b654c6e11dc20f5f265e6c2a0a0b1aabee622a418130ca332864b7b941b82d9e744b5d90c4f0acc65a4d7538d22aa21466028bb9628de93fb83577c4ea552197171e1e50224f51abdff00532386fa4a37a1ff0088c1524177440a29b42d8008ee9ffd434ff7697eee1c268d18a592004a1f52e42695f50d843a5f88d1346d0e48569815ea3e95752e429d5710d0e5fb4616c3583897b6f07889b31de66d1e307fccb0f81f81ca1f0e0f954c443f011ccc332dbb8ccba3512a1302ee6f89453553c4572b6dca15dcdaf0441539e58e8d989b014752b7a5288bce0d1c12d3e347a8552a0b57348a79f30a15258b86ab8ad44a2aae2c98c41cad12f6d6a72ffb22ad576033446dd3c1e7b8e3742559f32c9c980291f2ed8d30b6d12bf9656a15864ff6ca25369c101a94c153655af0e238963439980b3ba606ae1149ff007cca5e5dc10052c45f6c19cc177113bdc1d789984a7e1696ccf32eae5b8414fc6e3fcc85f2aa829287b7ff0092aac45e5982c272469876d855404745b4a9a1d4af06a1438b7a9801296dcd4b35c13298ed510c0a2f32b00be51ba7dd4435a3696d0aa4748f89a3c1f8fee6a3fd830087eb82e518845410cd2220d04a96c2b895d482ed5ea51dbc4ad6837c40a5a197b43b855a5aa5492eb9f11c094e961933666ff621866f009503295338dfdccc261a7982dd2b9a99536710671297529e2532a307329950330a23496aa815fcabf1f3b7e2f1044b4306d788ebdb80741d40602d7551a325cb220951739802440806593d2a220bcb2d104bc06d250edc572a820b654944ac6b1d8ba60c064310daccb500905828261d4bf6a2167fc44f074b2caafcc187830a8c822efe251dd6dd756ec3da7e2e16acb83489589c58a6a1ac0615e7cc6d3a54c90e98caa5a6ddc44eda67fee00691bd7331f22dbee2d56530cdb4bd09722e9859ee5be32cd210cb9715c4dc152e395f8bfe46fe18ed9c4dc7989a5a6eaa1240132461b1a3886542e81ed84b310859ea16adb9ea5616160f31839c2ce3c41163702b62a0a44d5a09c40c23cd836c81cdcb17c5fdcb802b0c12a1eae163333152ee2a49aa3372d4433408d38e0776cbb2a3fd17c45ac16e115cb688c28b6cd98fa9709598fa9672416567c3d442ccaf531e0cb241c76ee0b6b66ff72eac4f5296acd704a5b0a60146ee37d4cf32ea5cccccb40801f0b5f07f023f043e29ed2a61994d7cf6462ca9c56610cd530f25c55409dc430c33eea2a78d290d3e5963adce30c914298503cb33043695f84c5775f70c4297c45406aa5e0af2cb22c7ea5c6ab1066c523741988336902e3588187b65ca76dd314d01b5d43e8a32af240d86c3f715f7414f36a0e057b8a8ec9fa818cd40c5c518e7cc52a574255c5ea6d7d8f12f37cb05d4ab2c772b33e9372abe3d4b9717e0fe047e788400a14e25f177292ce495dde719875aaafa6372c385355e63aa9aa538f5326888f67a8eb06b6f8894b66530fb83635030be7b86120e0398d438e6e337ff00d52bc05ae2e573aec0ea1d536312dc31dca6952bd4f0c84d588743f71a630e046016af2bcc2c52761514ec816bd42561cbfba858bd934dfdccc56a2085b1eb89605c77153f4b8aa9be21ab5c90ac866260cbeea666c2e394a2e5465fc338fe66e3f07c1cc5102350b6c4052a896ab5ed1be2ca2e57caf48301cd4ce034f3dca9ad1cc75e7a016dc1a54cb0b97dc2ce4d0141f511616f66a65433fa854b28df98b4a8e6e057410731fe2cbcb704376e2a501a189895eb997d9f49505d7d3fb9892209812cd4a45acac4261617f533185537cee6ad843f9959690931a5ca620143912ae65c710c6a16a329d4c8b545ed81a98e67c7c19c93f5f9b99998cc9f07f1e63a9c421b83981564403bb81c878a8d2d0321150e18e5a8856c0ded70d4b38625f8b6dd078ea0621becfca34d5abd440904cd708dc45e330d665ccb0e6b0456c9c4f0f3035e347682809e33997c294f1011a5b71e3c4698b8cee94955de1252fc8834eacb88b5a966069e39998df8151c144b0fb98ad62272893d88f4cccda71130299e076b84394e1cdc70ade2669fb8cc83f32bbd4e7c4ce3b5fc54a815f0cdb186fe4f973f06a04d4e38609b545798091e6fdc230aaf28f333145cb26ee80ce63acf6297e92130dba802a51d4c16d62528569bd12fe7a0b9855917c651a3c833e9e256ca8891b802e21510f45c18ef8d4dcaaf164222f2f329d5625fd4ad7355c4bdadd3cc7f4711d359c17712bab25772a328688a93268f6c40cee59b660a62b4df7ccb2108e057e65b2741330a475b1b99641f9894e065329e3e1dc598623023f07cf1f02e04c61586e1aaee3513055c21a32727128e85f2c7b52380798b63d4b706f572b872ebee212d0cc25996042bf296013f2fcc26cbf9c82358e2b41a202eb86e3dda5ef13254753fa8a5ad1b973769300bc2cd06e0940671f889bdd40cc5913e062374dac054baea702bb182e274041898ccd65d0a5b1a12ebc92c77adc1de604e03c32f92ceb318b0b8431710d6666c152c9ea3ea2815963f06a30dc257c5e2a1b8732e9851c4b6552772b654b822504b4234eef5ccc5c7e656033925a839373102ef2966040c4b07b1b4e65258222cbc90a0d1320732967c7d425c36e73b8ebd90eaaccac0e388d55c1512c81970444b54096ca0c44dbb7714e12b52eb421ec5836799854560deea6767083f7307aaa6f371603be62699b65fa85bbcccf9a95351a156ecb8ecd32cc6263be66083b8eb1288179752c7e096171dcd41139f83539970b0e35f18b5be60a1065dc0dcf4b82ce2f83b8e415e608d9b530a8fdcb406602c384820016f6a4511b852fce6e28c5df24a44b84c9b77e21a246ea9202b62bab69c4141dc270a1cc46b0ba9828d82e1cce9c4b1500328879651bc77143b45952b45ce1da276630c965414ad836982cf0799bc2502b2f4e0891d1155d6a5f3458171af8807cc3e21f150b26fe044d04e8c4bf8308a651dce65cca22b3318e65df78520690b5bed03054016e9c1c47aadb530c2bf422a02e89857b8b5d68b7a9418c62f52dd0d83c439398b251fe90badaaf70c938ea658771cb65073b7ee2d6c5cd1e14a8c05b6cae1812a0eae58966989294af22564626b27502b41521c425a5d02bada8458b8aba5dca6d465363d4bfb67804124ac3967ea62b7df506d04e2bcc0b2c63bc414ad620cf1b9a712ce6a178205e57472cc718e07c54198cb7589806a6c86e5afc45708e4bb9a08ee5466896a2a253644259ea734cb30d16584acf96e55a6d710eef7423c619e0e2199707984b66deddb029dfa887abf71dd263b99cab1fc914370e651a59ea15e54f10522645c4575ea50414db2c94bea1d5bc9a273359e20655f94676a2dc4039389632c3e892abb566af88ef43833f7092d668787ee0861dbc45bc173286a22f0c50638db997dd4b57a23aab097834542c4821f2c66a97f01712a2637128d73364da6aaf8017753a30d399c9cdc6e58a2206aee613a48e529b984b897b0e51c26259c6a594da34a5a3d4b17d9e585b08f612b732711955a18e430ee0a619c809bbdb2cc391c470f706873706a8100d32c2219cdc215bab86ab5af132111af64786521d671072015dc43daed3b982a0e8455c3ccb3088f2971d8aa734e42012a7a66a2ef8a889698b881ac7506f133988c2a3a39989a9abddc4d6e2f075155ca32a169a44b2b1115f32a718af80d8830c4d08e3062a733ad4c10863b96dbc6fa818683bf300b942bbe63e85caf102a0c1a8eee6e3988b15839999a32c562a64583a22d5aeb515161e57cca1b3e573078299c8ec86569a7b82ad50ee239b197b3d989b74524dbf302beee3c3445ca1861a55c910b2ab8c37c9728a3182cdcb988ac2fa7997ba430771255abd41749dc1a2c5df3290ae385a9677d72e221175ce7504a0a39e256c438a02a55e8353355c63328817812b826106d86614c64bca4a00d54da09ba5c462e2b8955a56fb12aca95587883c1b5cc2295ac24aafa3cc1bb6ec3531954cf988446a3883506abc1d4cd695fda5cf69a4f7002ec5fd12904cb7dc50a16e1c9ee075897b80772ed350c32993d98ab6e70e5ca751d2ce7884ecf10b6c1b22290dcdeb6f7e223bfd42c07537058e0082220e120773a5d38b942e13c4ae14f51b5b42adb988db77b8b31bb897119762ad4023b60a6b1dc71a8f40e21e72a0868387a3e4f04c551c6054bdb25a2eb30ac30534313ffd9);

--
-- Constraints for dumped tables
--

--
-- Constraints for table `module`
--
ALTER TABLE `module`
  ADD CONSTRAINT `module_ibfk_1` FOREIGN KEY (`majorName`) REFERENCES `major` (`majorName`);

--
-- Constraints for table `timetable`
--
ALTER TABLE `timetable`
  ADD CONSTRAINT `timetable_ibfk_2` FOREIGN KEY (`moduleName`) REFERENCES `module` (`moduleName`) ON DELETE CASCADE ON UPDATE CASCADE;

--
-- Constraints for table `user`
--
ALTER TABLE `user`
  ADD CONSTRAINT `user_ibfk_1` FOREIGN KEY (`majorName`) REFERENCES `major` (`majorName`) ON DELETE CASCADE ON UPDATE CASCADE;

/*!40101 SET CHARACTER_SET_CLIENT=@OLD_CHARACTER_SET_CLIENT */;
/*!40101 SET CHARACTER_SET_RESULTS=@OLD_CHARACTER_SET_RESULTS */;
/*!40101 SET COLLATION_CONNECTION=@OLD_COLLATION_CONNECTION */;
